-- phpMyAdmin SQL Dump
-- version 3.5.3
-- http://www.phpmyadmin.net
--
-- Хост: localhost
-- Время создания: Май 25 2015 г., 23:06
-- Версия сервера: 5.5.43-0ubuntu0.12.04.1
-- Версия PHP: 5.4.6-1ubuntu1.3

SET SQL_MODE="NO_AUTO_VALUE_ON_ZERO";
SET time_zone = "+00:00";


/*!40101 SET @OLD_CHARACTER_SET_CLIENT=@@CHARACTER_SET_CLIENT */;
/*!40101 SET @OLD_CHARACTER_SET_RESULTS=@@CHARACTER_SET_RESULTS */;
/*!40101 SET @OLD_COLLATION_CONNECTION=@@COLLATION_CONNECTION */;
/*!40101 SET NAMES utf8 */;

--
-- База данных: `arm_sis_admin`
--

-- --------------------------------------------------------

--
-- Структура таблицы `Auditoria`
--

CREATE TABLE IF NOT EXISTS `Auditoria` (
  `Nomer` varchar(50) COLLATE cp1251_general_cs NOT NULL,
  `Otvetstvenii` varchar(50) COLLATE cp1251_general_cs NOT NULL,
  PRIMARY KEY (`Nomer`)
) ENGINE=InnoDB DEFAULT CHARSET=cp1251 COLLATE=cp1251_general_cs;

--
-- Дамп данных таблицы `Auditoria`
--

INSERT INTO `Auditoria` (`Nomer`, `Otvetstvenii`) VALUES
('210', 'Желанникова О.А.'),
('406', 'Фалей И.В.'),
('407', 'Селиверстова Д.Н.'),
('425', 'Якимович К.О.'),
('426', 'Нехай Е.В.'),
('427', 'Багласова Т.Г.'),
('431', 'Ржеутская Н.В.'),
('432', 'Архипов О.С.'),
('433', 'Чембрович Н.И.'),
('434', 'Клименко Д.Ф.'),
('Склад', 'Макаревич С.Ю.');

-- --------------------------------------------------------

--
-- Структура таблицы `Count_Zayavok`
--

CREATE TABLE IF NOT EXISTS `Count_Zayavok` (
  `ID` int(11) NOT NULL AUTO_INCREMENT,
  `count_zayavok` int(11) NOT NULL,
  PRIMARY KEY (`ID`)
) ENGINE=InnoDB  DEFAULT CHARSET=cp1251 COLLATE=cp1251_general_cs AUTO_INCREMENT=2 ;

--
-- Дамп данных таблицы `Count_Zayavok`
--

INSERT INTO `Count_Zayavok` (`ID`, `count_zayavok`) VALUES
(1, 2);

-- --------------------------------------------------------

--
-- Структура таблицы `Param_klava`
--

CREATE TABLE IF NOT EXISTS `Param_klava` (
  `ID` int(11) NOT NULL AUTO_INCREMENT,
  `Inv_nomer` varchar(50) COLLATE cp1251_general_cs NOT NULL,
  `Tip_podkl` varchar(50) COLLATE cp1251_general_cs NOT NULL,
  `Kol_klavish` varchar(50) COLLATE cp1251_general_cs NOT NULL,
  `Status` varchar(50) COLLATE cp1251_general_cs NOT NULL,
  `Tsena` varchar(50) COLLATE cp1251_general_cs NOT NULL,
  `Dop_Inf` varchar(50) COLLATE cp1251_general_cs DEFAULT NULL,
  `Data_vvoda` varchar(50) COLLATE cp1251_general_cs NOT NULL,
  `Data_spisania` varchar(50) COLLATE cp1251_general_cs NOT NULL,
  `Auditoria` varchar(50) COLLATE cp1251_general_cs NOT NULL,
  PRIMARY KEY (`ID`),
  KEY `Auditoria` (`Auditoria`)
) ENGINE=InnoDB  DEFAULT CHARSET=cp1251 COLLATE=cp1251_general_cs AUTO_INCREMENT=52 ;

--
-- Дамп данных таблицы `Param_klava`
--

INSERT INTO `Param_klava` (`ID`, `Inv_nomer`, `Tip_podkl`, `Kol_klavish`, `Status`, `Tsena`, `Dop_Inf`, `Data_vvoda`, `Data_spisania`, `Auditoria`) VALUES
(1, '407(Преподаватель)', 'USB', 'Все', 'Используется', '00-000-000 руб', '', '30.04.2015', '30.04.2015', '407'),
(2, '407-1', 'USB', 'Все', 'Используется', '00-000-000 руб', '', '01.05.2015', '18.05.2015', '407'),
(3, '407-10', 'USB', 'Все', 'Используется', '00-000-000 руб', '', '01.05.2015', '01.05.2015', '407'),
(4, '407-11', 'USB', 'Все', 'Используется', '00-000-000 руб', '', '01.05.2015', '01.05.2015', '407'),
(5, '407-2', 'ПК', 'Нету F12', 'Используется', '00-000-000 руб', '', '01.05.2015', '01.05.2015', '407'),
(6, '407-3', 'ПК', 'Все', 'Используется', '00-000-000 руб', '', '01.05.2015', '01.05.2015', '407'),
(7, '407-4', 'USB', 'Все', 'Используется', '00-000-000 руб', '', '01.05.2015', '01.05.2015', '407'),
(8, '407-5', 'USB', 'Все', 'Используется', '00-000-000 руб', '', '01.05.2015', '01.05.2015', '407'),
(9, '407-6', 'USB', 'Все', 'Используется', '00-000-000 руб', '', '01.05.2015', '01.05.2015', '407'),
(10, '407-7', 'ПК', 'Все', 'Используется', '00-000-000 руб', '', '01.05.2015', '01.05.2015', '407'),
(11, '407-8', 'USB', 'Все', 'Используется', '00-000-000 руб', '', '01.05.2015', '01.05.2015', '407'),
(12, '407-9', 'USB', 'Все', 'Используется', '00-000-000 руб', '', '01.05.2015', '01.05.2015', '407'),
(13, '427(Преподаватель)', 'USB', 'Все', 'Используется', '00-000-000 руб', '', '01.05.2015', '01.05.2015', '427'),
(14, '427-1', 'ПК', 'Все', 'Используется', '00-000-000 руб', '', '01.05.2015', '01.05.2015', '427'),
(15, '427-10', 'ПК', 'Все', 'Используется', '00-000-000 руб', '', '01.05.2015', '01.05.2015', '427'),
(16, '427-11', 'ПК', 'Все', 'Используется', '00-000-000 руб', '', '01.05.2015', '01.05.2015', '427'),
(17, '427-12', 'ПК', 'Все', 'Используется', '00-000-000 руб', '', '01.05.2015', '01.05.2015', '427'),
(18, '427-2', 'ПК', 'Все', 'Используется', '00-000-000 руб', '', '01.05.2015', '01.05.2015', '427'),
(19, '427-3', 'ПК', 'Все', 'Используется', '00-000-000 руб', '', '01.05.2015', '01.05.2015', '427'),
(20, '427-4', 'ПК', 'Все', 'Используется', '00-000-000 руб', '', '01.05.2015', '01.05.2015', '427'),
(21, '427-5', 'ПК', 'Все', 'Используется', '00-000-000 руб', '', '01.05.2015', '01.05.2015', '427'),
(22, '427-6', 'ПК', 'Все', 'Используется', '00-000-000 руб', '', '01.05.2015', '01.05.2015', '427'),
(23, '427-7', 'ПК', 'Все', 'Используется', '00-000-000 руб', '', '01.05.2015', '01.05.2015', '427'),
(24, '427-8', 'ПК', 'Все', 'Используется', '00-000-000 руб', '', '01.05.2015', '01.05.2015', '427'),
(25, '427-9', 'ПК', 'Все', 'Используется', '00-000-000 руб', '', '01.05.2015', '01.05.2015', '427'),
(26, '431-1', 'USB', 'Все', 'Используется', '00-000-000 руб', '', '01.05.2015', '01.05.2015', '431'),
(27, '431-10', 'USB', 'Все', 'Используется', '00-000-000 руб', '', '01.05.2015', '01.05.2015', '431'),
(28, '431-11', 'USB', 'Все', 'Используется', '00-000-000 руб', '', '01.05.2015', '01.05.2015', '431'),
(29, '431-12', 'USB', 'Все', 'Используется', '00-000-000 руб', '', '01.05.2015', '01.05.2015', '431'),
(30, '431-13(Преподаватель)', 'USB', 'Все', 'Используется', '00-000-000 руб', '', '01.05.2015', '01.05.2015', '431'),
(31, '431-2', 'USB', 'Все', 'Используется', '00-000-000 руб', '', '01.05.2015', '01.05.2015', '431'),
(32, '431-3', 'USB', 'Все', 'Используется', '00-000-000 руб', '', '01.05.2015', '01.05.2015', '431'),
(33, '431-4', 'USB', 'Все', 'Используется', '00-000-000 руб', '', '01.05.2015', '01.05.2015', '431'),
(34, '431-5', 'USB', 'Все', 'Используется', '00-000-000 руб', '', '01.05.2015', '01.05.2015', '431'),
(35, '431-6', 'USB', 'Все', 'Используется', '00-000-000 руб', '', '01.05.2015', '01.05.2015', '431'),
(36, '431-7', 'USB', 'Все', 'Используется', '00-000-000 руб', '', '01.05.2015', '01.05.2015', '431'),
(37, '431-8', 'USB', 'Все', 'Используется', '00-000-000 руб', '', '01.05.2015', '01.05.2015', '431'),
(38, '431-9', 'USB', 'Все', 'Используется', '00-000-000 руб', '', '01.05.2015', '01.05.2015', '431'),
(39, '434(Преподователь)', 'USB', 'Все', 'Используется', '00-000-000 руб', '', '01.05.2015', '01.05.2015', '434'),
(40, '434-1', 'USB', 'Все', 'Используется', '00-000-000 руб', '', '01.05.2015', '01.05.2015', '434'),
(41, '434-10', 'USB', 'Все', 'Используется', '00-000-000 руб', '', '01.05.2015', '01.05.2015', '434'),
(42, '434-12', 'USB', 'Все', 'Используется', '00-000-000 руб', '', '01.05.2015', '01.05.2015', '434'),
(43, '434-13', 'ПК', 'Все', 'Используется', '00-000-000 руб', '', '01.05.2015', '01.05.2015', '434'),
(44, '434-2', 'ПК', 'Все', 'Используется', '00-000-000 руб', '', '01.05.2015', '01.05.2015', '434'),
(45, '434-3', 'USB', 'Все', 'Используется', '00-000-000 руб', '', '01.05.2015', '01.05.2015', '434'),
(46, '434-4', 'ПК', 'Все', 'Используется', '00-000-000 руб', '', '01.05.2015', '01.05.2015', '434'),
(47, '434-5', 'ПК', 'Все', 'Используется', '00-000-000 руб', '', '01.05.2015', '01.05.2015', '434'),
(48, '434-6', 'USB', 'Все', 'Используется', '00-000-000 руб', '', '01.05.2015', '01.05.2015', '434'),
(49, '434-7', 'USB', 'Нету Pause/Break', 'Используется', '00-000-000 руб', '', '01.05.2015', '01.05.2015', '434'),
(50, '434-8', 'USB', 'Все', 'Используется', '00-000-000 руб', '', '01.05.2015', '01.05.2015', '434'),
(51, '434-9', 'ПК', 'Все', 'Используется', '00-000-000 руб', '', '01.05.2015', '01.05.2015', '434');

-- --------------------------------------------------------

--
-- Структура таблицы `Param_mishek`
--

CREATE TABLE IF NOT EXISTS `Param_mishek` (
  `ID` int(11) NOT NULL AUTO_INCREMENT,
  `Inv_nomer` varchar(50) COLLATE cp1251_general_cs NOT NULL,
  `Tip_podkl` varchar(50) COLLATE cp1251_general_cs NOT NULL,
  `Status` varchar(50) COLLATE cp1251_general_cs NOT NULL,
  `Tsena` varchar(50) COLLATE cp1251_general_cs NOT NULL,
  `Dop_Inf` varchar(50) COLLATE cp1251_general_cs DEFAULT NULL,
  `Data_vvoda` varchar(50) COLLATE cp1251_general_cs NOT NULL,
  `Data_spisania` varchar(50) COLLATE cp1251_general_cs NOT NULL,
  `Auditoria` varchar(50) COLLATE cp1251_general_cs NOT NULL,
  PRIMARY KEY (`ID`),
  KEY `Auditoria` (`Auditoria`)
) ENGINE=InnoDB  DEFAULT CHARSET=cp1251 COLLATE=cp1251_general_cs AUTO_INCREMENT=68 ;

--
-- Дамп данных таблицы `Param_mishek`
--

INSERT INTO `Param_mishek` (`ID`, `Inv_nomer`, `Tip_podkl`, `Status`, `Tsena`, `Dop_Inf`, `Data_vvoda`, `Data_spisania`, `Auditoria`) VALUES
(1, '407(Преподаватель)', 'ПК', 'Используется', '00-000-000 руб', '', '16.05.2015', '16.05.2015', '407'),
(2, '407-1', 'ПК', 'Используется', '00-000-000 руб', '', '16.05.2015', '16.05.2015', '407'),
(3, '407-10', 'ПК', 'Используется', '00-000-000 руб', '', '16.05.2015', '16.05.2015', '407'),
(4, '407-11', 'ПК', 'Используется', '00-000-000 руб', '', '16.05.2015', '16.05.2015', '407'),
(5, '407-2', 'ПК', 'Используется', '00-000-000 руб', '', '16.05.2015', '16.05.2015', '407'),
(6, '407-3', 'ПК', 'Используется', '00-000-000 руб', '', '16.05.2015', '16.05.2015', '407'),
(7, '407-4', 'ПК', 'Используется', '00-000-000 руб', '', '16.05.2015', '16.05.2015', '407'),
(8, '407-5', 'ПК', 'Используется', '00-000-000 руб', '', '16.05.2015', '16.05.2015', '407'),
(9, '407-6', 'USB', 'Используется', '00-000-000 руб', '', '16.05.2015', '16.05.2015', '407'),
(10, '407-7', 'ПК', 'Используется', '00-000-000 руб', '', '16.05.2015', '16.05.2015', '407'),
(11, '407-8', 'ПК', 'Используется', '00-000-000 руб', '', '16.05.2015', '16.05.2015', '407'),
(12, '407-9', 'ПК', 'Используется', '00-000-000 руб', '', '16.05.2015', '16.05.2015', '407'),
(13, '427(Преподаватель)', 'USB', 'Используется', '00-000-000 руб', '', '16.05.2015', '16.05.2015', '427'),
(14, '427-1', 'USB', 'Используется', '00-000-000 руб', '', '16.05.2015', '16.05.2015', '427'),
(15, '427-10', 'USB', 'Используется', '00-000-000 руб', '', '16.05.2015', '16.05.2015', '427'),
(16, '427-11', 'USB', 'Используется', '00-000-000 руб', '', '16.05.2015', '16.05.2015', '427'),
(17, '427-12', 'USB', 'Используется', '00-000-000 руб', '', '16.05.2015', '16.05.2015', '427'),
(18, '427-2', 'USB', 'Используется', '00-000-000 руб', '', '16.05.2015', '16.05.2015', '427'),
(19, '427-3', 'USB', 'Используется', '00-000-000 руб', '', '16.05.2015', '16.05.2015', '427'),
(20, '427-4', 'USB', 'Используется', '00-000-000 руб', '', '16.05.2015', '16.05.2015', '427'),
(21, '427-5', 'USB', 'Используется', '00-000-000 руб', '', '16.05.2015', '16.05.2015', '427'),
(22, '427-6', 'USB', 'Используется', '00-000-000 руб', '', '16.05.2015', '16.05.2015', '427'),
(23, '427-7', 'USB', 'Используется', '00-000-000 руб', '', '16.05.2015', '16.05.2015', '427'),
(24, '427-8', 'USB', 'Используется', '00-000-000 руб', '', '16.05.2015', '16.05.2015', '427'),
(25, '427-9', 'USB', 'Используется', '00-000-000 руб', '', '16.05.2015', '16.05.2015', '427'),
(26, '431-10', 'USB', 'Используется', '00-000-000 руб', '', '16.05.2015', '16.05.2015', '431'),
(27, '431-11', 'USB', 'Используется', '00-000-000 руб', '', '16.05.2015', '16.05.2015', '431'),
(28, '431-12', 'USB', 'Используется', '00-000-000 руб', '', '16.05.2015', '16.05.2015', '431'),
(29, '431-13', 'USB', 'В ремонте', '00-000-000 руб', '', '16.05.2015', '16.05.2015', '431'),
(30, '431-2', 'USB', 'Используется', '00-000-000 руб', '', '16.05.2015', '16.05.2015', '431'),
(31, '431-3', 'USB', 'Используется', '00-000-000 руб', '', '16.05.2015', '16.05.2015', '431'),
(32, '431-4', 'USB', 'Используется', '00-000-000 руб', '', '16.05.2015', '16.05.2015', '431'),
(33, '431-5', 'USB', 'Используется', '00-000-000 руб', '', '16.05.2015', '16.05.2015', '431'),
(34, '431-6', 'USB', 'Используется', '00-000-000 руб', '', '16.05.2015', '16.05.2015', '431'),
(35, '431-7', 'USB', 'Используется', '00-000-000 руб', '', '16.05.2015', '16.05.2015', '431'),
(36, '431-8', 'USB', 'Используется', '00-000-000 руб', '', '16.05.2015', '16.05.2015', '431'),
(37, '431-9', 'USB', 'Используется', '00-000-000 руб', '', '16.05.2015', '16.05.2015', '431'),
(38, '434(Преподаватель)', 'ПК', 'Используется', '00-000-000 руб', '', '16.05.2015', '16.05.2015', '434'),
(39, '434-1', 'USB', 'Используется', '00-000-000 руб', ' ', '16.05.2015', '16.05.2015', '434'),
(40, '434-10', 'ПК', 'Используется', '00-000-000 руб', ' ', '16.05.2015', '16.05.2015', '434'),
(41, '434-11', 'ПК', 'Используется', '00-000-000 руб', ' ', '16.05.2015', '16.05.2015', '434'),
(42, '434-12', 'ПК', 'Используется', '00-000-000 руб', ' ', '16.05.2015', '16.05.2015', '434'),
(43, '434-13', 'ПК', 'Используется', '00-000-000 руб', ' ', '16.05.2015', '16.05.2015', '434'),
(44, '434-2', 'ПК', 'Используется', '00-000-000 руб', '', '16.05.2015', '16.05.2015', '434'),
(45, '434-3', 'ПК', 'Используется', '00-000-000 руб', ' ', '16.05.2015', '16.05.2015', '434'),
(46, '434-4', 'ПК', 'Используется', '00-000-000 руб', ' ', '16.05.2015', '16.05.2015', '434'),
(47, '434-5', 'ПК', 'Используется', '00-000-000 руб', ' ', '16.05.2015', '16.05.2015', '434'),
(48, '434-6', 'ПК', 'Используется', '00-000-000 руб', ' ', '16.05.2015', '16.05.2015', '434'),
(49, '434-7', 'ПК', 'Используется', '00-000-000 руб', ' ', '16.05.2015', '16.05.2015', '434'),
(50, '434-8', 'ПК', 'Используется', '00-000-000 руб', ' ', '16.05.2015', '16.05.2015', '434'),
(51, '434-9', 'ПК', 'Используется', '00-000-000 руб', ' ', '16.05.2015', '16.05.2015', '434'),
(52, '210-1', 'USB', 'Используется', '00-000-000 руб', '', '16.05.2015', '16.05.2015', '210'),
(53, '210-2', 'USB', 'Используется', '00-000-000 руб', '', '24.05.2015', '24.05.2015', '210'),
(54, '210-3', 'USB', 'Используется', '00-000-000 руб', '', '24.05.2015', '24.05.2015', '210'),
(55, '210-4', 'USB', 'Используется', '00-000-000 руб', '', '24.05.2015', '24.05.2015', '210'),
(56, '210-5', 'USB', 'Используется', '00-000-000 руб', '', '24.05.2015', '24.05.2015', '210'),
(57, '210-6', 'USB', 'Используется', '00-000-000 руб', '', '24.05.2015', '24.05.2015', '210'),
(58, '210-7', 'USB', 'Используется', '00-000-000 руб', '', '24.05.2015', '24.05.2015', '210'),
(59, '210-8', 'USB', 'Используется', '00-000-000 руб', '', '24.05.2015', '24.05.2015', '210'),
(60, '210-9', 'USB', 'Используется', '00-000-000 руб', '', '24.05.2015', '24.05.2015', '210'),
(61, '210-10', 'USB', 'Используется', '00-000-000 руб', '', '24.05.2015', '24.05.2015', '210'),
(62, '210-11', 'USB', 'Используется', '00-000-000 руб', '', '24.05.2015', '24.05.2015', '210'),
(63, '210-12', 'USB', 'Используется', '00-000-000 руб', '', '24.05.2015', '24.05.2015', '210'),
(64, '210-13', 'USB', 'Используется', '00-000-000 руб', '', '24.05.2015', '24.05.2015', '210'),
(65, '210-14', 'USB', 'Используется', '00-000-000 руб', '', '24.05.2015', '24.05.2015', '210'),
(66, '210-15', 'USB', 'Используется', '00-000-000 руб', '', '24.05.2015', '24.05.2015', '210'),
(67, '210-Преподаватель', 'ПК', 'Используется', '00-000-000 руб', '', '24.05.2015', '24.05.2015', '210');

-- --------------------------------------------------------

--
-- Структура таблицы `Param_monitor`
--

CREATE TABLE IF NOT EXISTS `Param_monitor` (
  `ID` int(11) NOT NULL AUTO_INCREMENT,
  `Inv_nomer` varchar(50) COLLATE cp1251_general_cs NOT NULL,
  `Razreshenie` varchar(50) COLLATE cp1251_general_cs NOT NULL,
  `Diag` varchar(50) COLLATE cp1251_general_cs NOT NULL,
  `Status` varchar(50) COLLATE cp1251_general_cs NOT NULL,
  `Tsena` varchar(50) COLLATE cp1251_general_cs NOT NULL,
  `Dop_Inf` varchar(50) COLLATE cp1251_general_cs DEFAULT NULL,
  `Data_vvoda` varchar(50) COLLATE cp1251_general_cs NOT NULL,
  `Data_spisania` varchar(50) COLLATE cp1251_general_cs NOT NULL,
  `Auditoria` varchar(50) COLLATE cp1251_general_cs NOT NULL,
  PRIMARY KEY (`ID`),
  KEY `Auditoria` (`Auditoria`)
) ENGINE=InnoDB  DEFAULT CHARSET=cp1251 COLLATE=cp1251_general_cs AUTO_INCREMENT=50 ;

--
-- Дамп данных таблицы `Param_monitor`
--

INSERT INTO `Param_monitor` (`ID`, `Inv_nomer`, `Razreshenie`, `Diag`, `Status`, `Tsena`, `Dop_Inf`, `Data_vvoda`, `Data_spisania`, `Auditoria`) VALUES
(1, '211953/13-13(Преподаватель)', '1440х900', '19,00 дюйм', 'Используется', '00-000-000 руб', '', '16.05.2015', '16.05.2015', '431'),
(2, '21953-9-2', '1440х900', '19,00 дюйм', 'Используется', '00-000-000 руб', '', '16.05.2015', '16.05.2015', '431'),
(3, '21953/14-9', '1440х900', '19,00 дюйм', 'Используется', '00-000-000 руб', '', '16.05.2015', '16.05.2015', '431'),
(4, '21953/15-4', '1440х900', '19,00 дюйм', 'Используется', '00-000-000 руб', '', '16.05.2015', '16.05.2015', '431'),
(5, '21953/3-12', '1440х900', '19,00 дюйм', 'Используется', '00-000-000 руб', '', '16.05.2015', '16.05.2015', '431'),
(6, '21953/4-11', '1440х900', '19,00 дюйм', 'Используется', '00-000-000 руб', '', '16.05.2015', '16.05.2015', '431'),
(7, '21953/5-8', '1440х900', '19,00 дюйм', 'Используется', '00-000-000 руб', '', '16.05.2015', '16.05.2015', '431'),
(8, '21953/6-10', '1440х900', '19,00 дюйм', 'Используется', '00-000-000 руб', '', '16.05.2015', '16.05.2015', '431'),
(9, '21953/7-7', '1440х900', '19,00 дюйм', 'Используется', '00-000-00  руб', '', '16.05.2015', '16.05.2015', '431'),
(10, '25377/1-12', '1920х1080', '22,00 дюйм', 'Используется', '00-000-000 руб', '', '16.05.2015', '16.05.2015', '427'),
(11, '25377/10-11', '1920х1080', '22,00 дюйм', 'Используется', '00-000-000 руб', '', '16.05.2015', '16.05.2015', '427'),
(12, '25377/11-7', '1920х1080', '22,00 дюйм', 'Используется', '00-000-000 руб', '', '16.05.2015', '16.05.2015', '427'),
(13, '25377/12-6', '1920х1080', '22,00 дюйм', 'Используется', '00-000-000 руб', '', '16.05.2015', '16.05.2015', '427'),
(14, '25377/2-9', '1920х1080', '22,00 дюйм', 'Используется', '00-000-000 руб', '', '16.05.2015', '16.05.2015', '427'),
(15, '25377/3-5', '1920х1080', '22,00 дюйм', 'Используется', '00-000-000 руб', '', '16.05.2015', '16.05.2015', '427'),
(16, '25377/4-2', '1920х1080', '22,00 дюйм', 'Используется', '00-000-000 руб', '', '16.05.2015', '16.05.2015', '427'),
(17, '25377/5-4', '1920х1080', '22,00 дюйм', 'Используется', '00-000-000 руб', '', '16.05.2015', '16.05.2015', '427'),
(18, '25377/6-3', '1920х1080', '22,00 дюйм', 'Используется', '00-000-000 руб', '', '16.05.2015', '16.05.2015', '427'),
(19, '25377/7-1', '1920х1080', '22,00 дюйм', 'Используется', '00-000-000 руб', '', '16.05.2015', '16.05.2015', '427'),
(20, '25377/8-8', '1920х1080', '22,00 дюйм', 'Используется', '00-000-000 руб', '', '16.05.2015', '16.05.2015', '427'),
(21, '25377/9-10', '1920х1080', '22,00 дюйм', 'Используется', '00-000-000 руб', '', '16.05.2015', '16.05.2015', '427'),
(22, '25394/6-10', '1920х1080', '22,00 дюйм', 'Используется', '00-000-000 руб', '', '16.05.2015', '16.05.2015', '434'),
(23, '25394/8-4', '1920х1080', '22,00 дюйм', 'Используется', '00-000-000 руб', '', '16.05.2015', '16.05.2015', '434'),
(24, '25394/9-6', '1920х1080', '22,00 дюйм', 'Используется', '00-000-000 руб', '', '16.05.2015', '16.05.2015', '434'),
(25, '25493-9', '1920х1080', '22,00 дюйм', 'Используется', '00-000-000 руб', '', '16.05.2015', '16.05.2015', '434'),
(26, '25493/1-1', '1920х1080', '22,00 дюйм', 'Используется', '00-000-000 руб', '', '16.05.2015', '16.05.2015', '434'),
(27, '25493/10-13', '1920х1080', '22,00 дюйм', 'Используется', '00-000-000 руб', '', '16.05.2015', '16.05.2015', '434'),
(28, '25493/3-5', '1920х1080', '22,00 дюйм', 'Используется', '00-000-000 руб', '', '16.05.2015', '16.05.2015', '434'),
(29, '25493/4-7', '1920х1080', '22,00 дюйм', 'Используется', '00-000-000 руб', '', '16.05.2015', '16.05.2015', '434'),
(30, '25493/5-8', '1920х1080', '22,00 дюйм', 'Используется', '00-000-000 руб', '', '16.05.2015', '16.05.2015', '434'),
(31, '407(Преподаватель)', '1920х1080', '22,00 дюйм', 'Используется', '00-000-000 руб', '', '16.05.2015', '16.05.2015', '407'),
(32, '407-1', '1920х1080', '22,00 дюйм', 'Используется', '00-000-000 руб', '', '16.05.2015', '16.05.2015', '407'),
(33, '407-10', '1920х1080', '22,00 дюйм', 'Используется', '00-000-000 руб', '', '16.05.2015', '16.05.2015', '407'),
(34, '407-11', '1920х1080', '22,00 дюйм', 'Используется', '00-000-000 руб', '', '16.05.2015', '16.05.2015', '407'),
(35, '407-2', '1920х1080', '22,00 дюйм', 'Используется', '00-000-000 руб', '', '16.05.2015', '16.05.2015', '407'),
(36, '407-3', '1920х1080', '22,00 дюйм', 'Используется', '00-000-000 руб', '', '16.05.2015', '16.05.2015', '407'),
(37, '407-4', '1920х1080', '22,00 дюйм', 'Используется', '00-000-000 руб', '', '16.05.2015', '16.05.2015', '407'),
(38, '407-5', '1920х1080', '22,00 дюйм', 'Используется', '00-000-000 руб', '', '16.05.2015', '16.05.2015', '407'),
(39, '407-6', '1920х1080', '22,00 дюйм', 'Используется', '00-000-000 руб', '', '16.05.2015', '16.05.2015', '407'),
(40, '407-7', '1920х1080', '22,00 дюйм', 'Используется', '00-000-000 руб', '', '16.05.2015', '16.05.2015', '407'),
(41, '407-8', '1920х1080', '22,00 дюйм', 'Используется', '00-000-000 руб', '', '16.05.2015', '16.05.2015', '407'),
(42, '407-9', '1920х1080', '22,00 дюйм', 'Используется', '00-000-000 руб', '', '16.05.2015', '16.05.2015', '407'),
(43, '427(Преподаватель)', '1920х1080', '23,50 дюйм', 'Используется', '00-000-000 руб', '', '16.05.2015', '16.05.2015', '427'),
(44, '434(Преподаватель)', '1920х1080', '22,00 дюйм', 'Используется', '00-000-000 руб', '', '16.05.2015', '16.05.2015', '434'),
(45, '434-12', '1920х1080', '22,00 дюйм', 'Используется', '00-000-000 руб', '', '16.05.2015', '16.05.2015', '434'),
(46, '434-2', '1920х1080', '22,00 дюйм', 'Используется', '00-000-000 руб', '', '16.05.2015', '16.05.2015', '434'),
(47, '434-3', '1920х1080', '22,00 дюйм', 'Используется', '00-000-000 руб', '', '16.05.2015', '16.05.2015', '434'),
(48, '6', '1440х900', '19,00 дюйм', 'Используется', '00-000-000 руб', '', '16.05.2015', '16.05.2015', '431');

-- --------------------------------------------------------

--
-- Структура таблицы `Param_nout`
--

CREATE TABLE IF NOT EXISTS `Param_nout` (
  `ID` int(11) NOT NULL AUTO_INCREMENT,
  `Inv_nomer` varchar(100) COLLATE cp1251_general_cs NOT NULL,
  `OS` varchar(100) COLLATE cp1251_general_cs NOT NULL,
  `Nazvanie` varchar(100) COLLATE cp1251_general_cs NOT NULL,
  `Protsessor` varchar(100) COLLATE cp1251_general_cs NOT NULL,
  `Video` varchar(100) COLLATE cp1251_general_cs NOT NULL,
  `Diag` varchar(100) COLLATE cp1251_general_cs NOT NULL,
  `Pamyat` varchar(100) COLLATE cp1251_general_cs NOT NULL,
  `HDD` varchar(100) COLLATE cp1251_general_cs NOT NULL,
  `Status` varchar(100) COLLATE cp1251_general_cs NOT NULL,
  `Tsena` varchar(100) COLLATE cp1251_general_cs NOT NULL,
  `Dop_Inf` varchar(100) COLLATE cp1251_general_cs DEFAULT NULL,
  `Data_vvoda` varchar(100) COLLATE cp1251_general_cs NOT NULL,
  `Data_spisania` varchar(100) COLLATE cp1251_general_cs NOT NULL,
  `Auditoria` varchar(50) COLLATE cp1251_general_cs NOT NULL,
  PRIMARY KEY (`ID`),
  KEY `Auditoria` (`Auditoria`)
) ENGINE=InnoDB  DEFAULT CHARSET=cp1251 COLLATE=cp1251_general_cs AUTO_INCREMENT=2 ;

-- --------------------------------------------------------

--
-- Структура таблицы `Param_print`
--

CREATE TABLE IF NOT EXISTS `Param_print` (
  `ID` int(11) NOT NULL AUTO_INCREMENT,
  `Inv_nomer` varchar(50) COLLATE cp1251_general_cs NOT NULL,
  `Nazvanie` varchar(50) COLLATE cp1251_general_cs NOT NULL,
  `Max_raz` varchar(50) COLLATE cp1251_general_cs NOT NULL,
  `Razmeri` varchar(50) COLLATE cp1251_general_cs NOT NULL,
  `Pamyat` varchar(50) COLLATE cp1251_general_cs NOT NULL,
  `Skor_pechati` varchar(50) COLLATE cp1251_general_cs NOT NULL,
  `Max_format` varchar(50) COLLATE cp1251_general_cs NOT NULL,
  `Kol_str` varchar(50) COLLATE cp1251_general_cs NOT NULL,
  `Status` varchar(50) COLLATE cp1251_general_cs NOT NULL,
  `Tsena` varchar(50) COLLATE cp1251_general_cs NOT NULL,
  `Dop_Inf` varchar(50) COLLATE cp1251_general_cs DEFAULT NULL,
  `Data_vvoda` varchar(50) COLLATE cp1251_general_cs NOT NULL,
  `Data_spisania` varchar(50) COLLATE cp1251_general_cs NOT NULL,
  `Auditoria` varchar(50) COLLATE cp1251_general_cs NOT NULL,
  PRIMARY KEY (`ID`),
  KEY `Auditoria` (`Auditoria`)
) ENGINE=InnoDB  DEFAULT CHARSET=cp1251 COLLATE=cp1251_general_cs AUTO_INCREMENT=8 ;

-- --------------------------------------------------------

--
-- Структура таблицы `Param_sis_blokov`
--

CREATE TABLE IF NOT EXISTS `Param_sis_blokov` (
  `ID` int(11) NOT NULL AUTO_INCREMENT,
  `Inv_nomer` varchar(100) COLLATE cp1251_general_cs NOT NULL,
  `OS` varchar(100) COLLATE cp1251_general_cs NOT NULL,
  `Privod` varchar(100) COLLATE cp1251_general_cs NOT NULL,
  `Mat_plata` varchar(100) COLLATE cp1251_general_cs NOT NULL,
  `Pzu` varchar(100) COLLATE cp1251_general_cs NOT NULL,
  `Kulera` varchar(100) COLLATE cp1251_general_cs NOT NULL,
  `Video` varchar(100) COLLATE cp1251_general_cs NOT NULL,
  `HDD` varchar(100) COLLATE cp1251_general_cs NOT NULL,
  `Protsessor` varchar(100) COLLATE cp1251_general_cs NOT NULL,
  `Blok_pitania` varchar(100) COLLATE cp1251_general_cs NOT NULL,
  `Status` varchar(100) COLLATE cp1251_general_cs NOT NULL,
  `Tsena` varchar(100) COLLATE cp1251_general_cs NOT NULL,
  `Dop_Inf` varchar(100) COLLATE cp1251_general_cs DEFAULT NULL,
  `Data_vvoda` varchar(100) COLLATE cp1251_general_cs NOT NULL,
  `Data_spisania` varchar(100) COLLATE cp1251_general_cs NOT NULL,
  `Auditoria` varchar(50) COLLATE cp1251_general_cs NOT NULL,
  PRIMARY KEY (`ID`),
  KEY `Auditoria` (`Auditoria`)
) ENGINE=InnoDB  DEFAULT CHARSET=cp1251 COLLATE=cp1251_general_cs AUTO_INCREMENT=70 ;

--
-- Дамп данных таблицы `Param_sis_blokov`
--

INSERT INTO `Param_sis_blokov` (`ID`, `Inv_nomer`, `OS`, `Privod`, `Mat_plata`, `Pzu`, `Kulera`, `Video`, `HDD`, `Protsessor`, `Blok_pitania`, `Status`, `Tsena`, `Dop_Inf`, `Data_vvoda`, `Data_spisania`, `Auditoria`) VALUES
(1, '25377/1-1', 'Microsoft Windows 7 Ultimate', 'hp DVD A  DS8A8SH SCSI CdRom Device  (DVD+R9:6x, DVD-R9:6x, DVD+RW:8x/8x, DVD-RW:8x/6x, DVD-RAM:5x, ', 'HP 17F6', '3979 МБ  (DDR3 SDRAM)', '2  шт', 'Intel(R) HD Graphics  (1840988 КБ)', 'ATA ST320LT007-9ZV14 SCSI Disk Device  (320 ГБ, 7200 RPM, SATA-II)', 'Mobile DualCore Intel Celeron B840, 1900 MHz (19 x 100)', '12.334 V', 'Используется', '00-000-000 руб', '', '04.05.2015', '04.05.2015', '427'),
(2, '25377/10-10', 'Microsoft Windows 7 Ultimate', 'hp DVD A  DS8A8SH SCSI CdRom Device  (DVD+R9:6x, DVD-R9:6x, DVD+RW:8x/8x, DVD-RW:8x/6x, DVD-RAM:5x, ', 'HP 17F6', '3979 МБ  (DDR3 SDRAM)', '2 шт.', 'Intel(R) HD Graphics  (1840988 КБ)', 'ATA ST320LT007-9ZV14 SCSI Disk Device  (320 ГБ, 7200 RPM, SATA-II)', 'Mobile DualCore Intel Celeron B840, 1900 MHz (19 x 100)', '12.334 V', 'Используется', '00-000-000 руб', NULL, '4 мая 2015 г.', '4 мая 2015 г.', '427'),
(3, '25377/11-11', 'Microsoft Windows 7 Ultimate', 'hp DVD A  DS8A8SH SCSI CdRom Device  (DVD+R9:6x, DVD-R9:6x, DVD+RW:8x/8x, DVD-RW:8x/6x, DVD-RAM:5x, ', 'HP 17F6', '3979 МБ  (DDR3 SDRAM)', '2  шт', 'Intel(R) HD Graphics  (1840988 КБ)', 'ATA ST320LT007-9ZV14 SCSI Disk Device  (320 ГБ, 7200 RPM, SATA-II)', 'Mobile DualCore Intel Celeron B840, 1900 MHz (19 x 100)', '12.334 V', 'Используется', '00-000-000 руб', '', '6 мая 2015 г.', '6 мая 2015 г.', '427'),
(4, '25377/12-12', 'Microsoft Windows 7 Ultimate', 'hp DVD A  DS8A8SH SCSI CdRom Device  (DVD+R9:6x, DVD-R9:6x, DVD+RW:8x/8x, DVD-RW:8x/6x, DVD-RAM:5x, ', 'HP 17F6', '3979 МБ  (DDR3 SDRAM)', '2 шт.', 'Intel(R) HD Graphics  (1840988 КБ)', 'ATA ST320LT007-9ZV14 SCSI Disk Device  (320 ГБ, 7200 RPM, SATA-II)', 'Mobile DualCore Intel Celeron B840, 1900 MHz (19 x 100)', '12.334 V', 'Используется', '00-000-000 руб', '', '4 мая 2015 г.', '4 мая 2015 г.', '427'),
(5, '25377/14-Преподаватель', 'Microsoft Windows 7 Ultimate', 'ATAPI iHAS122   W SCSI CdRom Device  (DVD+R9:8x, DVD-R9:8x, DVD+RW:22x/8x, DVD-RW:22x/6x, DVD-RAM:12', 'Gigabyte GA-H87-HD3  (2 PCI, 2 PCI-E x1, 2 PCI-E x16, 4 DDR3 DIMM, Audio, Video, Gigabit LAN)', '8070 МБ  (DDR3-1333 DDR3 SDRAM)', '2  шт', 'NVIDIA GeForce GTX 650  (2 ГБ)', 'ATA ST1000DM003-9YN1 SCSI Disk Device  (1000 ГБ, 7200 RPM, SATA-III)', 'QuadCore Intel Core i5-4440, 3100 MHz (31 x 100)', '12.334 V', 'Используется', '00-000-000 руб', '', '1 мая 2015 г.', '4 мая 2015 г.', '427'),
(6, '25377/2-2', 'Microsoft Windows 7 Ultimate', 'hp DVD A  DS8A8SH SCSI CdRom Device  (DVD+R9:6x, DVD-R9:6x, DVD+RW:8x/8x, DVD-RW:8x/6x, DVD-RAM:5x, ', 'HP 17F6', '3979 МБ  (DDR3 SDRAM)', '2 шт.', 'Intel(R) HD Graphics  (1840988 КБ)', 'ATA ST320LT007-9ZV14 SCSI Disk Device  (320 ГБ, 7200 RPM, SATA-II)', 'Mobile DualCore Intel Celeron B840, 1900 MHz (19 x 100)', '12.334 V', 'Используется', '00-000-000 руб', '', '4 мая 2015 г.', '4 мая 2015 г.', '427'),
(7, '25377/3-3', 'Microsoft Windows 7 Ultimate', 'hp DVD A  DS8A8SH SCSI CdRom Device  (DVD+R9:6x, DVD-R9:6x, DVD+RW:8x/8x, DVD-RW:8x/6x, DVD-RAM:5x, ', 'HP 17F6', '3979 МБ  (DDR3 SDRAM)', '2 шт.', 'Intel(R) HD Graphics  (1840988 КБ)', 'ATA ST320LT007-9ZV14 SCSI Disk Device  (320 ГБ, 7200 RPM, SATA-II)', 'Mobile DualCore Intel Celeron B840, 1900 MHz (19 x 100)', '12.334 V', 'Используется', '00-000-000 руб', '', '4 мая 2015 г.', '4 мая 2015 г.', '427'),
(8, '25377/4-4', 'Microsoft Windows 7 Ultimate', 'hp DVD A  DS8A8SH SCSI CdRom Device  (DVD+R9:6x, DVD-R9:6x, DVD+RW:8x/8x, DVD-RW:8x/6x, DVD-RAM:5x, ', 'HP 17F6', '3979 МБ  (DDR3 SDRAM)', '2 шт.', 'Intel(R) HD Graphics  (1840988 КБ)', 'ATA ST320LT007-9ZV14 SCSI Disk Device  (320 ГБ, 7200 RPM, SATA-II)', 'Mobile DualCore Intel Celeron B840, 1900 MHz (19 x 100)', '12.334 V', 'Используется', '00-000-000 руб', '', '4 мая 2015 г.', '4 мая 2015 г.', '427'),
(9, '25377/5-5', 'Microsoft Windows 7 Ultimate', 'hp DVD A  DS8A8SH SCSI CdRom Device  (DVD+R9:6x, DVD-R9:6x, DVD+RW:8x/8x, DVD-RW:8x/6x, DVD-RAM:5x, ', 'HP 17F6', '3979 МБ  (DDR3 SDRAM)', '2 шт.', 'Intel(R) HD Graphics  (1840988 КБ)', 'ATA ST320LT007-9ZV14 SCSI Disk Device  (320 ГБ, 7200 RPM, SATA-II)', 'Mobile DualCore Intel Celeron B840, 1900 MHz (19 x 100)', '12.334 V', 'Используется', '00-000-000 руб', '', '4 мая 2015 г.', '4 мая 2015 г.', '427'),
(10, '25377/6-6', 'Microsoft Windows 7 Ultimate', 'hp DVD A  DS8A8SH SCSI CdRom Device  (DVD+R9:6x, DVD-R9:6x, DVD+RW:8x/8x, DVD-RW:8x/6x, DVD-RAM:5x, ', 'HP 17F6', '3979 МБ  (DDR3 SDRAM)', '2 шт.', 'Intel(R) HD Graphics  (1840988 КБ)', 'ATA ST320LT007-9ZV14 SCSI Disk Device  (320 ГБ, 7200 RPM, SATA-II)', 'Mobile DualCore Intel Celeron B840, 1900 MHz (19 x 100)', '12.334 V', 'Используется', '00-000-000 руб', '', '4 мая 2015 г.', '4 мая 2015 г.', '427'),
(11, '25377/7-7', 'Microsoft Windows 7 Ultimate', 'hp DVD A  DS8A8SH SCSI CdRom Device  (DVD+R9:6x, DVD-R9:6x, DVD+RW:8x/8x, DVD-RW:8x/6x, DVD-RAM:5x, ', 'HP 17F6', '3979 МБ  (DDR3 SDRAM)', '2 шт.', 'Intel(R) HD Graphics  (1840988 КБ)', 'ATA ST320LT007-9ZV14 SCSI Disk Device  (320 ГБ, 7200 RPM, SATA-II)', 'Mobile DualCore Intel Celeron B840, 1900 MHz (19 x 100)', '12.334 V', 'Используется', '00-000-000 руб', '', '4 мая 2015 г.', '4 мая 2015 г.', '427'),
(12, '25377/733-Преподаватель', 'Microsoft Windows 7 Ultimate', 'Нету', 'Gigabyte GA-H87-HD3  (2 PCI, 2 PCI-E x1, 2 PCI-E x16, 4 DDR3 DIMM, Audio, Video, Gigabit LAN)', '8070 МБ  (DDR3-1333 DDR3 SDRAM)', '1  шт', 'NVIDIA GeForce GTX 650  (2 ГБ)', 'ATA ST1000DM003-9YN1 SCSI Disk Device  (1000 ГБ, 7200 RPM, SATA-III)', 'QuadCore Intel Core i5-4440, 3100 MHz (31 x 100)', 'Электросеть', 'Используется', '00-000-000 руб', '', '6 мая 2015 г.', '6 мая 2015 г.', '425'),
(13, '25377/8-8', 'Microsoft Windows 7 Ultimate', 'hp DVD A  DS8A8SH SCSI CdRom Device  (DVD+R9:6x, DVD-R9:6x, DVD+RW:8x/8x, DVD-RW:8x/6x, DVD-RAM:5x, ', 'HP 17F6', '3979 МБ  (DDR3 SDRAM)', '2 шт.', 'Intel(R) HD Graphics  (1840988 КБ)', 'ATA ST320LT007-9ZV14 SCSI Disk Device  (320 ГБ, 7200 RPM, SATA-II)', 'Mobile DualCore Intel Celeron B840, 1900 MHz (19 x 100)', '12.334 V', 'Используется', '00-000-000 руб', '', '4 мая 2015 г.', '4 мая 2015 г.', '427'),
(14, '25377/9-9', 'Microsoft Windows 7 Ultimate', 'hp DVD A  DS8A8SH SCSI CdRom Device  (DVD+R9:6x, DVD-R9:6x, DVD+RW:8x/8x, DVD-RW:8x/6x, DVD-RAM:5x, ', 'HP 17F6', '3979 МБ  (DDR3 SDRAM)', '2 шт.', 'Intel(R) HD Graphics  (1840988 КБ)', 'ATA ST320LT007-9ZV14 SCSI Disk Device  (320 ГБ, 7200 RPM, SATA-II)', 'Mobile DualCore Intel Celeron B840, 1900 MHz (19 x 100)', '12.334 V', 'Используется', '00-000-000 руб', '', '4 мая 2015 г.', '4 мая 2015 г.', '427'),
(15, '407-1', 'Microsoft Windows 7 Ultimate', 'Нету', 'Gigabyte GA-H61M-DS2  (2 PCI-E x1, 1 PCI-E x16, 2 DDR3 DIMM, Audio, Video, Gigabit LAN)', '3564 МБ  (DDR3-1333 DDR3 SDRAM)', '1 шт.', 'NVIDIA GeForce GTX 550 Ti  (1 ГБ)', 'Hitachi HDS721050CLA360 ATA Device  (465 ГБ, IDE)', 'DualCore Intel Pentium G850, 2900 MHz (29 x 100)', 'Электросеть', 'Используется', '00-000-000 руб', '', '14 мая 2015 г.', '14 мая 2015 г.', '407'),
(16, '407-10', 'Microsoft Windows 7 Ultimate', 'Нету', 'Gigabyte GA-H61M-DS2  (2 PCI-E x1, 1 PCI-E x16, 2 DDR3 DIMM, Audio, Video, Gigabit LAN)', '3564 МБ  (DDR3-1333 DDR3 SDRAM)', '1 шт.', 'NVIDIA GeForce GTX 550 Ti  (1 ГБ)', 'Hitachi HDS721050CLA360 ATA Device  (465 ГБ, IDE)', 'DualCore Intel Pentium G850, 2900 MHz (29 x 100)', 'Электросеть', 'Используется', '00-000-000 руб', '', '14 мая 2015 г.', '14 мая 2015 г.', '407'),
(17, '407-11', 'Microsoft Windows 7 Ultimate', 'Нету', 'Gigabyte GA-H61M-DS2  (2 PCI-E x1, 1 PCI-E x16, 2 DDR3 DIMM, Audio, Video, Gigabit LAN)', '3564 МБ  (DDR3-1333 DDR3 SDRAM)', '1 шт.', 'NVIDIA GeForce GTX 550 Ti  (1 ГБ)', 'Hitachi HDS721050CLA360 ATA Device  (465 ГБ, IDE)', 'DualCore Intel Pentium G850, 2900 MHz (29 x 100)', 'Электросеть', 'Используется', '00-000-000 руб', '', '14 мая 2015 г.', '14 мая 2015 г.', '407'),
(18, '407-12', 'Microsoft Windows 7 Ultimate', 'Нету', 'Gigabyte GA-H61M-DS2  (2 PCI-E x1, 1 PCI-E x16, 2 DDR3 DIMM, Audio, Video, Gigabit LAN)', '3564 МБ  (DDR3-1333 DDR3 SDRAM)', '1 шт.', 'NVIDIA GeForce GTX 550 Ti  (1 ГБ)', 'Hitachi HDS721050CLA360 ATA Device  (465 ГБ, IDE)', 'DualCore Intel Pentium G850, 2900 MHz (29 x 100)', 'Электросеть', 'Используется', '00-000-000 руб', '', '14 мая 2015 г.', '14 мая 2015 г.', '407'),
(19, '407-2', 'Microsoft Windows 7 Ultimate', 'Нету', 'Gigabyte GA-H61M-DS2  (2 PCI-E x1, 1 PCI-E x16, 2 DDR3 DIMM, Audio, Video, Gigabit LAN)', '3564 МБ  (DDR3-1333 DDR3 SDRAM)', '1 шт.', 'NVIDIA GeForce GTX 550 Ti  (1 ГБ)', 'Hitachi HDS721050CLA360 ATA Device  (465 ГБ, IDE)', 'DualCore Intel Pentium G850, 2900 MHz (29 x 100)', 'Электросеть', 'Используется', '00-000-000 руб', '', '14 мая 2015 г.', '14 мая 2015 г.', '407'),
(20, '407-3', 'Microsoft Windows 7 Ultimate', 'Нету', 'Gigabyte GA-H61M-DS2  (2 PCI-E x1, 1 PCI-E x16, 2 DDR3 DIMM, Audio, Video, Gigabit LAN)', '3564 МБ  (DDR3-1333 DDR3 SDRAM)', '1 шт.', 'NVIDIA GeForce GTX 550 Ti  (1 ГБ)', 'Hitachi HDS721050CLA360 ATA Device  (465 ГБ, IDE)', 'DualCore Intel Pentium G850, 2900 MHz (29 x 100)', 'Электросеть', 'Используется', '00-000-000 руб', '', '14 мая 2015 г.', '14 мая 2015 г.', '407'),
(21, '407-4', 'Microsoft Windows 7 Ultimate', 'Нету', 'Gigabyte GA-H61M-DS2  (2 PCI-E x1, 1 PCI-E x16, 2 DDR3 DIMM, Audio, Video, Gigabit LAN)', '3564 МБ  (DDR3-1333 DDR3 SDRAM)', '1 шт.', 'NVIDIA GeForce GTX 550 Ti  (1 ГБ)', 'Hitachi HDS721050CLA360 ATA Device  (465 ГБ, IDE)', 'DualCore Intel Pentium G850, 2900 MHz (29 x 100)', 'Электросеть', 'Используется', '00-000-000 руб', '', '14 мая 2015 г.', '14 мая 2015 г.', '407'),
(22, '407-5', 'Microsoft Windows 7 Ultimate', 'Нету', 'Gigabyte GA-H61M-DS2  (2 PCI-E x1, 1 PCI-E x16, 2 DDR3 DIMM, Audio, Video, Gigabit LAN)', '3564 МБ  (DDR3-1333 DDR3 SDRAM)', '1 шт.', 'NVIDIA GeForce GTX 550 Ti  (1 ГБ)', 'Hitachi HDS721050CLA360 ATA Device  (465 ГБ, IDE)', 'DualCore Intel Pentium G850, 2900 MHz (29 x 100)', 'Электросеть', 'Используется', '00-000-000 руб', '', '14 мая 2015 г.', '14 мая 2015 г.', '407'),
(23, '407-6', 'Microsoft Windows 7 Ultimate', 'Нету', 'Gigabyte GA-H61M-DS2  (2 PCI-E x1, 1 PCI-E x16, 2 DDR3 DIMM, Audio, Video, Gigabit LAN)', '3564 МБ  (DDR3-1333 DDR3 SDRAM)', '1 шт.', 'NVIDIA GeForce GTX 550 Ti  (1 ГБ)', 'Hitachi HDS721050CLA360 ATA Device  (465 ГБ, IDE)', 'DualCore Intel Pentium G850, 2900 MHz (29 x 100)', 'Электросеть', 'Используется', '00-000-000 руб', '', '14 мая 2015 г.', '14 мая 2015 г.', '407'),
(24, '407-7', 'Microsoft Windows 7 Ultimate', 'Нету', 'Gigabyte GA-H61M-DS2  (2 PCI-E x1, 1 PCI-E x16, 2 DDR3 DIMM, Audio, Video, Gigabit LAN)', '3564 МБ  (DDR3-1333 DDR3 SDRAM)', '1 шт.', 'NVIDIA GeForce GTX 550 Ti  (1 ГБ)', 'Hitachi HDS721050CLA360 ATA Device  (465 ГБ, IDE)', 'DualCore Intel Pentium G850, 2900 MHz (29 x 100)', 'Электросеть', 'Используется', '00-000-000 руб', '', '14 мая 2015 г.', '14 мая 2015 г.', '407'),
(25, '407-8', 'Microsoft Windows 7 Ultimate', 'Нету', 'Gigabyte GA-H61M-DS2  (2 PCI-E x1, 1 PCI-E x16, 2 DDR3 DIMM, Audio, Video, Gigabit LAN)', '3564 МБ  (DDR3-1333 DDR3 SDRAM)', '1 шт.', 'NVIDIA GeForce GTX 550 Ti  (1 ГБ)', 'Hitachi HDS721050CLA360 ATA Device  (465 ГБ, IDE)', 'DualCore Intel Pentium G850, 2900 MHz (29 x 100)', 'Электросеть', 'Используется', '00-000-000 руб', '', '14 мая 2015 г.', '14 мая 2015 г.', '407'),
(26, '407-9', 'Microsoft Windows 7 Ultimate', 'Нету', 'Gigabyte GA-H61M-DS2  (2 PCI-E x1, 1 PCI-E x16, 2 DDR3 DIMM, Audio, Video, Gigabit LAN)', '3564 МБ  (DDR3-1333 DDR3 SDRAM)', '1 шт.', 'NVIDIA GeForce GTX 550 Ti  (1 ГБ)', 'Hitachi HDS721050CLA360 ATA Device  (465 ГБ, IDE)', 'DualCore Intel Pentium G850, 2900 MHz (29 x 100)', 'Электросеть', 'Используется', '00-000-000 руб', '', '14 мая 2015 г.', '14 мая 2015 г.', '407'),
(27, '407-Преподаватель', 'Microsoft Windows 7 Ultimate', 'Нету', 'Asus P5GC-MX/1333  (2 PCI, 1 PCI-E x1, 1 PCI-E x16, 2 DDR2 DIMM, Audio, Video, LAN)', '2039 МБ  (DDR2-800 DDR2 SDRAM)', '1 шт.', 'Intel(R) 82945G Express (  - WDDM 1.0)  (256 МБ)', 'Hitachi HDS721050CLA360 ATA Device  (465 ГБ, IDE)', 'DualCore Intel Pentium E2180, 2000 MHz (10 x 200)', 'Электросеть', 'Используется', '00-000-000 руб', '', '14 мая 2015 г.', '14 мая 2015 г.', '407'),
(28, '425-1', 'Microsoft Windows 7 Ultimate', 'Нету', 'Gigabyte GA-H87-HD3  (2 PCI, 2 PCI-E x1, 2 PCI-E x16, 4 DDR3 DIMM, Audio, Video, Gigabit LAN)', '3974 МБ  (DDR3-1333 DDR3 SDRAM)', '1  шт', 'Intel(R) HD Graphics 4600  (1838416 КБ)', 'ST1000DM ST1000DM003-1CH1 SCSI Disk Device  (1000 ГБ, 7200 RPM, SATA-III)', 'QuadCore Intel Core i5-4440, 3100 MHz (31 x 100)', 'Электросеть', 'Используется', '00-000-000 руб', '', '7 мая 2015 г.', '7 мая 2015 г.', '425'),
(29, '425-10', 'Microsoft Windows 7 Ultimate', 'Нету', 'Gigabyte GA-H87-HD3  (2 PCI, 2 PCI-E x1, 2 PCI-E x16, 4 DDR3 DIMM, Audio, Video, Gigabit LAN)', '3974 МБ  (DDR3-1333 DDR3 SDRAM)', '1  шт', 'Intel(R) HD Graphics 4600  (1838416 КБ)', 'ST1000DM ST1000DM003-1CH1 SCSI Disk Device  (1000 ГБ, 7200 RPM, SATA-III)', 'QuadCore Intel Core i5-4440, 3100 MHz (31 x 100)', 'Электросеть', 'Используется', '00-000-000 руб', '', '6 мая 2015 г.', '6 мая 2015 г.', '425'),
(30, '425-11', 'Microsoft Windows 7 Ultimate', 'Нету', 'Gigabyte GA-H87-HD3  (2 PCI, 2 PCI-E x1, 2 PCI-E x16, 4 DDR3 DIMM, Audio, Video, Gigabit LAN)', '3974 МБ  (DDR3-1333 DDR3 SDRAM)', '1  шт', 'Intel(R) HD Graphics 4600  (1838416 КБ)', 'ST1000DM ST1000DM003-1CH1 SCSI Disk Device  (1000 ГБ, 7200 RPM, SATA-III)', 'QuadCore Intel Core i5-4440, 3100 MHz (31 x 100)', 'Электросеть', 'Используется', '00-000-000 руб', '', '6 мая 2015 г.', '6 мая 2015 г.', '425'),
(31, '425-12', 'Microsoft Windows 7 Ultimate', 'Нету', 'Gigabyte GA-H87-HD3  (2 PCI, 2 PCI-E x1, 2 PCI-E x16, 4 DDR3 DIMM, Audio, Video, Gigabit LAN)', '3974 МБ  (DDR3-1333 DDR3 SDRAM)', '1  шт', 'Intel(R) HD Graphics 4600  (1838416 КБ)', 'ST1000DM ST1000DM003-1CH1 SCSI Disk Device  (1000 ГБ, 7200 RPM, SATA-III)', 'QuadCore Intel Core i5-4440, 3100 MHz (31 x 100)', 'Электросеть', 'Используется', '00-000-000 руб', '', '6 мая 2015 г.', '6 мая 2015 г.', '425'),
(32, '425-2', 'Microsoft Windows 7 Ultimate', 'Нету', 'Gigabyte GA-H87-HD3  (2 PCI, 2 PCI-E x1, 2 PCI-E x16, 4 DDR3 DIMM, Audio, Video, Gigabit LAN)', '3974 МБ  (DDR3-1333 DDR3 SDRAM)', '1  шт', 'Intel(R) HD Graphics 4600  (1838416 КБ)', 'ST1000DM ST1000DM003-1CH1 SCSI Disk Device  (1000 ГБ, 7200 RPM, SATA-III)', 'QuadCore Intel Core i5-4440, 3100 MHz (31 x 100)', 'Электросеть', 'Используется', '00-000-000 руб', '', '6 мая 2015 г.', '6 мая 2015 г.', '425'),
(33, '425-3', 'Microsoft Windows 7 Ultimate', 'Нету', 'Gigabyte GA-H87-HD3  (2 PCI, 2 PCI-E x1, 2 PCI-E x16, 4 DDR3 DIMM, Audio, Video, Gigabit LAN)', '3974 МБ  (DDR3-1333 DDR3 SDRAM)', '1  шт', 'Intel(R) HD Graphics 4600  (1838416 КБ)', 'ST1000DM ST1000DM003-1CH1 SCSI Disk Device  (1000 ГБ, 7200 RPM, SATA-III)', 'QuadCore Intel Core i5-4440, 3100 MHz (31 x 100)', 'Электросеть', 'Используется', '00-000-000 руб', '', '6 мая 2015 г.', '6 мая 2015 г.', '425'),
(34, '425-4', 'Microsoft Windows 7 Ultimate', 'Нету', 'Gigabyte GA-H87-HD3  (2 PCI, 2 PCI-E x1, 2 PCI-E x16, 4 DDR3 DIMM, Audio, Video, Gigabit LAN)', '3974 МБ  (DDR3-1333 DDR3 SDRAM)', '1  шт', 'Intel(R) HD Graphics 4600  (1838416 КБ)', 'ST1000DM ST1000DM003-1CH1 SCSI Disk Device  (1000 ГБ, 7200 RPM, SATA-III)', 'QuadCore Intel Core i5-4440, 3100 MHz (31 x 100)', 'Электросеть', 'Используется', '00-000-000 руб', '', '6 мая 2015 г.', '6 мая 2015 г.', '425'),
(35, '425-5', 'Microsoft Windows 7 Ultimate', 'Нету', 'Gigabyte GA-H87-HD3  (2 PCI, 2 PCI-E x1, 2 PCI-E x16, 4 DDR3 DIMM, Audio, Video, Gigabit LAN)', '3974 МБ  (DDR3-1333 DDR3 SDRAM)', '1  шт', 'Intel(R) HD Graphics 4600  (1838416 КБ)', 'ST1000DM ST1000DM003-1CH1 SCSI Disk Device  (1000 ГБ, 7200 RPM, SATA-III)', 'QuadCore Intel Core i5-4440, 3100 MHz (31 x 100)', 'Электросеть', 'Используется', '00-000-000 руб', '', '6 мая 2015 г.', '6 мая 2015 г.', '425'),
(36, '425-6', 'Microsoft Windows 7 Ultimate', 'Нету', 'Gigabyte GA-H87-HD3  (2 PCI, 2 PCI-E x1, 2 PCI-E x16, 4 DDR3 DIMM, Audio, Video, Gigabit LAN)', '3974 МБ  (DDR3-1333 DDR3 SDRAM)', '1  шт', 'Intel(R) HD Graphics 4600  (1838416 КБ)', 'ST1000DM ST1000DM003-1CH1 SCSI Disk Device  (1000 ГБ, 7200 RPM, SATA-III)', 'QuadCore Intel Core i5-4440, 3100 MHz (31 x 100)', 'Электросеть', 'Используется', '00-000-000 руб', '', '6 мая 2015 г.', '6 мая 2015 г.', '425'),
(37, '425-7', 'Microsoft Windows 7 Ultimate', 'Нету', 'Gigabyte GA-H87-HD3  (2 PCI, 2 PCI-E x1, 2 PCI-E x16, 4 DDR3 DIMM, Audio, Video, Gigabit LAN)', '3974 МБ  (DDR3-1333 DDR3 SDRAM)', '1  шт', 'Intel(R) HD Graphics 4600  (1838416 КБ)', 'ST1000DM ST1000DM003-1CH1 SCSI Disk Device  (1000 ГБ, 7200 RPM, SATA-III)', 'QuadCore Intel Core i5-4440, 3100 MHz (31 x 100)', 'Электросеть', 'Используется', '00-000-000 руб', '', '6 мая 2015 г.', '6 мая 2015 г.', '425'),
(38, '425-8', 'Microsoft Windows 7 Ultimate', 'Нету', 'Gigabyte GA-H87-HD3  (2 PCI, 2 PCI-E x1, 2 PCI-E x16, 4 DDR3 DIMM, Audio, Video, Gigabit LAN)', '3974 МБ  (DDR3-1333 DDR3 SDRAM)', '1  шт', 'Intel(R) HD Graphics 4600  (1838416 КБ)', 'ST1000DM ST1000DM003-1CH1 SCSI Disk Device  (1000 ГБ, 7200 RPM, SATA-III)', 'QuadCore Intel Core i5-4440, 3100 MHz (31 x 100)', 'Электросеть', 'Используется', '00-000-000 руб', '', '6 мая 2015 г.', '6 мая 2015 г.', '425'),
(39, '425-9', 'Microsoft Windows 7 Ultimate', 'Нету', 'Gigabyte GA-H87-HD3  (2 PCI, 2 PCI-E x1, 2 PCI-E x16, 4 DDR3 DIMM, Audio, Video, Gigabit LAN)', '3974 МБ  (DDR3-1333 DDR3 SDRAM)', '1  шт', 'Intel(R) HD Graphics 4600  (1838416 КБ)', 'ST1000DM ST1000DM003-1CH1 SCSI Disk Device  (1000 ГБ, 7200 RPM, SATA-III)', 'QuadCore Intel Core i5-4440, 3100 MHz (31 x 100)', 'Электросеть', 'Используется', '00-000-000 руб', '', '6 мая 2015 г.', '6 мая 2015 г.', '425'),
(40, '431-1', 'Microsoft Windows 7 Ultimate', 'Нету', 'Gigabyte GA-H97-HD3  (2 PCI, 2 PCI-E x1, 2 PCI-E x16, 4 DDR3 DIMM, Audio, Video, Gigabit LAN)', '3489 МБ  (DDR3-1600 DDR3 SDRAM)', '1  шт', 'Intel(R) HD Graphics 4600  (1557212 КБ)', 'ST1000DM003-1CH162 ATA Device  (1000 ГБ, 7200 RPM, SATA-III)', 'QuadCore Intel Core i5-4440, 3100 MHz (31 x 100)', 'Электросеть', 'Используется', '00-000-000 руб', '', '6 мая 2015 г.', '6 мая 2015 г.', '431'),
(41, '431-10', 'Microsoft Windows 7 Ultimate', 'Нету', 'Gigabyte GA-H97-HD3  (2 PCI, 2 PCI-E x1, 2 PCI-E x16, 4 DDR3 DIMM, Audio, Video, Gigabit LAN)', '3489 МБ  (DDR3-1600 DDR3 SDRAM)', '1  шт', 'Intel(R) HD Graphics 4600  (1557212 КБ)', 'ST1000DM003-1CH162 ATA Device  (1000 ГБ, 7200 RPM, SATA-III)', 'QuadCore Intel Core i5-4440, 3100 MHz (31 x 100)', 'Электросеть', 'Используется', '00-000-000 руб', '', '6 мая 2015 г.', '6 мая 2015 г.', '431'),
(42, '431-11', 'Microsoft Windows 7 Ultimate', 'Нету', 'Gigabyte GA-H97-HD3  (2 PCI, 2 PCI-E x1, 2 PCI-E x16, 4 DDR3 DIMM, Audio, Video, Gigabit LAN)', '3489 МБ  (DDR3-1600 DDR3 SDRAM)', '1  шт', 'Intel(R) HD Graphics 4600  (1557212 КБ)', 'ST1000DM003-1CH162 ATA Device  (1000 ГБ, 7200 RPM, SATA-III)', 'QuadCore Intel Core i5-4440, 3100 MHz (31 x 100)', 'Электросеть', 'Используется', '00-000-000 руб', '', '6 мая 2015 г.', '6 мая 2015 г.', '431'),
(43, '431-2', 'Microsoft Windows 7 Ultimate', 'Нету', 'Gigabyte GA-H97-HD3  (2 PCI, 2 PCI-E x1, 2 PCI-E x16, 4 DDR3 DIMM, Audio, Video, Gigabit LAN)', '3489 МБ  (DDR3-1600 DDR3 SDRAM)', '1  шт', 'Intel(R) HD Graphics 4600  (1557212 КБ)', 'ST1000DM003-1CH162 ATA Device  (1000 ГБ, 7200 RPM, SATA-III)', 'QuadCore Intel Core i5-4440, 3100 MHz (31 x 100)', 'Электросеть', 'Используется', '00-000-000 руб', '', '6 мая 2015 г.', '6 мая 2015 г.', '431'),
(44, '431-3', 'Microsoft Windows 7 Ultimate', 'Нету', 'Gigabyte GA-H97-HD3  (2 PCI, 2 PCI-E x1, 2 PCI-E x16, 4 DDR3 DIMM, Audio, Video, Gigabit LAN)', '3489 МБ  (DDR3-1600 DDR3 SDRAM)', '1  шт', 'Intel(R) HD Graphics 4600  (1557212 КБ)', 'ST1000DM003-1CH162 ATA Device  (1000 ГБ, 7200 RPM, SATA-III)', 'QuadCore Intel Core i5-4440, 3100 MHz (31 x 100)', 'Электросеть', 'Используется', '00-000-000 руб', '', '6 мая 2015 г.', '6 мая 2015 г.', '431'),
(45, '431-4', 'Microsoft Windows 7 Ultimate', 'Нету', 'Gigabyte GA-H97-HD3  (2 PCI, 2 PCI-E x1, 2 PCI-E x16, 4 DDR3 DIMM, Audio, Video, Gigabit LAN)', '3489 МБ  (DDR3-1600 DDR3 SDRAM)', '1  шт', 'Intel(R) HD Graphics 4600  (1557212 КБ)', 'ST1000DM003-1CH162 ATA Device  (1000 ГБ, 7200 RPM, SATA-III)', 'QuadCore Intel Core i5-4440, 3100 MHz (31 x 100)', 'Электросеть', 'Используется', '00-000-000 руб', '', '6 мая 2015 г.', '6 мая 2015 г.', '431'),
(46, '431-5', 'Microsoft Windows 7 Ultimate', 'Нету', 'Gigabyte GA-H97-HD3  (2 PCI, 2 PCI-E x1, 2 PCI-E x16, 4 DDR3 DIMM, Audio, Video, Gigabit LAN)', '3489 МБ  (DDR3-1600 DDR3 SDRAM)', '1  шт', 'Intel(R) HD Graphics 4600  (1557212 КБ)', 'ST1000DM003-1CH162 ATA Device  (1000 ГБ, 7200 RPM, SATA-III)', 'QuadCore Intel Core i5-4440, 3100 MHz (31 x 100)', 'Электросеть', 'Используется', '00-000-000 руб', '', '6 мая 2015 г.', '6 мая 2015 г.', '431'),
(47, '431-6', 'Microsoft Windows 7 Ultimate', 'Нету', 'Gigabyte GA-H97-HD3  (2 PCI, 2 PCI-E x1, 2 PCI-E x16, 4 DDR3 DIMM, Audio, Video, Gigabit LAN)', '3489 МБ  (DDR3-1600 DDR3 SDRAM)', '1  шт', 'Intel(R) HD Graphics 4600  (1557212 КБ)', 'ST1000DM003-1CH162 ATA Device  (1000 ГБ, 7200 RPM, SATA-III)', 'QuadCore Intel Core i5-4440, 3100 MHz (31 x 100)', 'Электросеть', 'Используется', '00-000-000 руб', '', '6 мая 2015 г.', '6 мая 2015 г.', '431'),
(48, '431-7', 'Microsoft Windows 7 Ultimate', 'Нету', 'Gigabyte GA-H97-HD3  (2 PCI, 2 PCI-E x1, 2 PCI-E x16, 4 DDR3 DIMM, Audio, Video, Gigabit LAN)', '3489 МБ  (DDR3-1600 DDR3 SDRAM)', '1  шт', 'Intel(R) HD Graphics 4600  (1557212 КБ)', 'ST1000DM003-1CH162 ATA Device  (1000 ГБ, 7200 RPM, SATA-III)', 'QuadCore Intel Core i5-4440, 3100 MHz (31 x 100)', 'Электросеть', 'Используется', '00-000-000 руб', '', '6 мая 2015 г.', '6 мая 2015 г.', '431'),
(49, '431-8', 'Microsoft Windows 7 Ultimate', 'Нету', 'Gigabyte GA-H97-HD3  (2 PCI, 2 PCI-E x1, 2 PCI-E x16, 4 DDR3 DIMM, Audio, Video, Gigabit LAN)', '3489 МБ  (DDR3-1600 DDR3 SDRAM)', '1  шт', 'Intel(R) HD Graphics 4600  (1557212 КБ)', 'ST1000DM003-1CH162 ATA Device  (1000 ГБ, 7200 RPM, SATA-III)', 'QuadCore Intel Core i5-4440, 3100 MHz (31 x 100)', 'Электросеть', 'Используется', '00-000-000 руб', '', '6 мая 2015 г.', '6 мая 2015 г.', '431'),
(50, '431-9', 'Microsoft Windows 7 Ultimate', 'Нету', 'Gigabyte GA-H97-HD3  (2 PCI, 2 PCI-E x1, 2 PCI-E x16, 4 DDR3 DIMM, Audio, Video, Gigabit LAN)', '3489 МБ  (DDR3-1600 DDR3 SDRAM)', '1  шт', 'Intel(R) HD Graphics 4600  (1557212 КБ)', 'ST1000DM003-1CH162 ATA Device  (1000 ГБ, 7200 RPM, SATA-III)', 'QuadCore Intel Core i5-4440, 3100 MHz (31 x 100)', 'Электросеть', 'Используется', '00-000-000 руб', '', '6 мая 2015 г.', '6 мая 2015 г.', '431'),
(51, '431-Преподаватель', 'Microsoft Windows 7 Ultimate', 'Нету', 'Gigabyte GA-H97-HD3  (2 PCI, 2 PCI-E x1, 2 PCI-E x16, 4 DDR3 DIMM, Audio, Video, Gigabit LAN)', '3479 МБ  (DDR3-1600 DDR3 SDRAM)', '1  шт', 'Intel(R) HD Graphics 4600  (1552200 КБ)', 'ST1000DM003-1CH162 ATA Device  (1000 ГБ, 7200 RPM, SATA-III)', 'QuadCore Intel Core i5-4440, 3100 MHz (31 x 100)', 'Электросеть', 'Используется', '00-000-000 руб', '', '6 мая 2015 г.', '6 мая 2015 г.', '431'),
(52, '433/569-11', 'Microsoft Windows 7 Ultimate', 'Нету', 'Asus P5GC-MX/1333  (2 PCI, 1 PCI-E x1, 1 PCI-E x16, 2 DDR2 DIMM, Audio, Video, LAN)', '1015 МБ  (DDR2-800 DDR2 SDRAM)', '1  шт', 'Intel(R) 82945G Express (  - WDDM 1.0)  (256 МБ)', 'ST380815AS ATA Device  (80 ГБ, 7200 RPM, SATA-II)', 'DualCore Intel Pentium E2180, 2000 MHz (10 x 200)', 'Электросеть', 'Используется', '00-000-000 руб', '', '14 мая 2015 г.', '14 мая 2015 г.', '433'),
(53, '433/574-4', 'Microsoft Windows 7 Ultimate', 'Нету', 'Asus P5GC-MX/1333  (2 PCI, 1 PCI-E x1, 1 PCI-E x16, 2 DDR2 DIMM, Audio, Video, LAN)', '1015 МБ  (DDR2 SDRAM)', '1  шт', 'Intel(R) 82945G Express (  - WDDM 1.0)  (256 МБ)', 'WDC WD1600AAJS-75PSA0 ATA Device  (160 ГБ, 7200 RPM, SATA-II)', 'DualCore Intel Pentium E2180, 2000 MHz (10 x 200)', 'Электросеть', 'Используется', '00-000-000 руб', '', '14 мая 2015 г.', '14 мая 2015 г.', '433'),
(54, '433/575-3', 'Microsoft Windows 7 Ultimate', 'Нету', 'Asus P5GC-MX/1333  (2 PCI, 1 PCI-E x1, 1 PCI-E x16, 2 DDR2 DIMM, Audio, Video, LAN)', '1015 МБ  (DDR2-667 DDR2 SDRAM)', '1  шт', 'Intel(R) 82945G Express (  - WDDM 1.0)  (256 МБ)', 'WDC WD1600AAJS-75PSA0 ATA Device  (160 ГБ, 7200 RPM, SATA-II)', 'DualCore Intel Pentium E2180, 2000 MHz (10 x 200)', 'Электросеть', 'Используется', '00-000-000 руб', '', '14 мая 2015 г.', '14 мая 2015 г.', '433'),
(55, '433/578-13', 'Microsoft Windows 7 Ultimate', 'Нету', 'ASRock G31M-S  (2 PCI, 1 PCI-E x1, 1 PCI-E x16, 2 DDR2 DIMM, Audio, Video, LAN)', '1014 МБ  (DDR2-800 DDR2 SDRAM)', '1  шт', 'Intel(R) G33/G31 Express (  - WDDM 1.0)  (256 МБ)', 'ST380815AS ATA Device  (80 ГБ, 7200 RPM, SATA-II)', 'DualCore Intel Pentium E2180, 2000 MHz (10 x 200)', 'Электросеть', 'Используется', '00-000-000 руб', '', '14 мая 2015 г.', '14 мая 2015 г.', '433'),
(56, '434-7', 'Microsoft Windows 7 Ultimate', 'Нету', 'Gigabyte GA-945GZM-S2  (3 PCI, 1 PCI-E x16, 2 DDR2 DIMM, Audio, Video, Gigabit LAN)', '2039 МБ  (DDR2-667 DDR2 SDRAM)', '1 шт.', 'Intel(R) 82945G Express (  - WDDM 1.0)  (256 МБ)', 'SAMSUNG HD080HJ ATA Device  (80 ГБ, 7200 RPM, SATA-II)', 'Intel Celeron 430, 1800 MHz (9 x 200)', 'Электросеть', 'Используется', '00-000-000 руб', '', '14 мая 2015 г.', '14 мая 2015 г.', '434'),
(57, '434-Преподаватель', 'Microsoft Windows 7 Ultimate', 'Нету', 'Gigabyte GA-H61M-DS2  (2 PCI-E x1, 1 PCI-E x16, 2 DDR3 DIMM, Audio, Video, Gigabit LAN)', '3488 МБ', '1 шт.', 'VGA  (65472 КБ)', 'WDC WD3200AAKS-00G3A0 ATA Device  (320 ГБ, 7200 RPM, SATA-II)', 'DualCore Intel Pentium G850, 2900 MHz', 'Электросеть', 'Используется', '00-000-000 руб', '', '14 мая 2015 г.', '14 мая 2015 г.', '434'),
(58, '434/518-2', 'Microsoft Windows 7 Ultimate', 'Нету', 'ASRock ConRoe945G-DVI  (2 PCI, 1 PCI-E x1, 1 PCI-E x16, 4 DDR2 DIMM, Audio, Video, Gigabit LAN)', '2039 МБ  (DDR2-667 DDR2 SDRAM)', '1  шт', 'Intel(R) 82945G Express (  - WDDM 1.0)  (256 МБ)', 'ST380815AS ATA Device  (80 ГБ, 7200 RPM, SATA-II)', 'Intel Celeron D 336, 2800 MHz (21 x 133)', 'Электросеть', 'Используется', '00-000-000 руб', '', '14 мая 2015 г.', '14 мая 2015 г.', '434'),
(59, '434/521-3', 'Microsoft Windows 7 Ultimate', 'Нету', 'ASRock ConRoe945G-DVI  (2 PCI, 1 PCI-E x1, 1 PCI-E x16, 4 DDR2 DIMM, Audio, Video, Gigabit LAN)', '3319 МБ  (DDR2-667 DDR2 SDRAM)', '1  шт', 'Intel(R) 82945G Express (  - WDDM 1.0)  (256 МБ)', 'ST380815AS ATA Device  (80 ГБ, 7200 RPM, SATA-II)', 'Intel Celeron D 336, 2800 MHz (21 x 133)', 'Электросеть', 'Используется', '00-000-000 руб', '', '14 мая 2015 г.', '14 мая 2015 г.', '434'),
(60, '434/522-12', 'Microsoft Windows 7 Ultimate', 'Нету', 'ASRock ConRoe945G-DVI  (2 PCI, 1 PCI-E x1, 1 PCI-E x16, 4 DDR2 DIMM, Audio, Video, Gigabit LAN)', '3319 МБ  (DDR2-667 DDR2 SDRAM)', '1  шт', 'Intel(R) 82945G Express (  - WDDM 1.0)  (256 МБ)', 'ST380815AS ATA Device  (80 ГБ, 7200 RPM, SATA-II)', 'Intel Celeron D 336, 2800 MHz (21 x 133)', 'Электросеть', 'Используется', '00-000-000 руб', '', '14 мая 2015 г.', '14 мая 2015 г.', '434'),
(61, '434/523-9', 'Microsoft Windows 7 Ultimate', 'Нету', 'ASRock ConRoe945G-DVI  (2 PCI, 1 PCI-E x1, 1 PCI-E x16, 4 DDR2 DIMM, Audio, Video, Gigabit LAN)', '3319 МБ  (DDR2-667 DDR2 SDRAM)', '1  шт', 'Intel(R) 82945G Express (  - WDDM 1.0)  (256 МБ)', 'ST380815AS ATA Device  (80 ГБ, 7200 RPM, SATA-II)', 'Intel Celeron D 336, 2800 MHz (21 x 133)', 'Электросеть', 'Используется', '00-000-000 руб', '', '14 мая 2015 г.', '14 мая 2015 г.', '434'),
(62, '434/524-11', 'Microsoft Windows 7 Ultimate', 'Нету', 'ASRock ConRoe945G-DVI  (2 PCI, 1 PCI-E x1, 1 PCI-E x16, 4 DDR2 DIMM, Audio, Video, Gigabit LAN)', '3319 МБ  (DDR2-667 DDR2 SDRAM)', '1 шт.', 'Intel(R) 82945G Express (  - WDDM 1.0)  (256 МБ)', 'ST380815AS ATA Device  (80 ГБ, 7200 RPM, SATA-II)', 'Intel Celeron D 336, 2800 MHz (21 x 133)', 'Электросеть', 'Используется', '00-000-000 руб', '', '14 мая 2015 г.', '14 мая 2015 г.', '434'),
(63, '434/525-5', 'Microsoft Windows 7 Ultimate', 'Нету', 'ASRock ConRoe945G-DVI  (2 PCI, 1 PCI-E x1, 1 PCI-E x16, 4 DDR2 DIMM, Audio, Video, Gigabit LAN)', '2039 МБ  (DDR2-667 DDR2 SDRAM)', '1 шт.', 'Intel(R) 82945G Express (  - WDDM 1.0)  (256 МБ)', 'ST380815AS ATA Device  (80 ГБ, 7200 RPM, SATA-II)', 'Intel Celeron D 336, 2800 MHz (21 x 133)', 'Электросеть', 'Используется', '00-000-000 руб', '', '14 мая 2015 г.', '14 мая 2015 г.', '434'),
(64, '434/526-6', 'Microsoft Windows 7 Ultimate', 'Нету', 'ASRock ConRoe945G-DVI  (2 PCI, 1 PCI-E x1, 1 PCI-E x16, 4 DDR2 DIMM, Audio, Video, Gigabit LAN)', '2039 МБ  (DDR2-667 DDR2 SDRAM)', '1 шт.', 'Intel(R) 82945G Express (  - WDDM 1.0)  (256 МБ)', 'ST380815AS ATA Device  (80 ГБ, 7200 RPM, SATA-II)', 'Intel Celeron D 336, 2800 MHz (21 x 133)', 'Электросеть', 'Используется', '00-000-000 руб', '', '14 мая 2015 г.', '14 мая 2015 г.', '434'),
(65, '434/528-4', 'Microsoft Windows 7 Ultimate', 'Нету', 'ASRock ConRoe945G-DVI  (2 PCI, 1 PCI-E x1, 1 PCI-E x16, 4 DDR2 DIMM, Audio, Video, Gigabit LAN)', '2039 МБ  (DDR2-667 DDR2 SDRAM)', '1 шт.', 'Intel(R) 82945G Express (  - WDDM 1.0)  (256 МБ)', 'ST380815AS ATA Device  (80 ГБ, 7200 RPM, SATA-II)', 'Intel Celeron D 336, 2800 MHz (21 x 133)', 'Электросеть', 'Используется', '00-000-000 руб', '', '14 мая 2015 г.', '14 мая 2015 г.', '434'),
(66, '434/529-1', 'Microsoft Windows 7 Ultimate', 'Нету', 'ASRock ConRoe945G-DVI  (2 PCI, 1 PCI-E x1, 1 PCI-E x16, 4 DDR2 DIMM, Audio, Video, Gigabit LAN)', '3319 МБ  (DDR2-667 DDR2 SDRAM)', '1  шт', 'Intel(R) 82945G Express (  - WDDM 1.0)  (256 МБ)', 'ST380815AS ATA Device  (80 ГБ, 7200 RPM, SATA-II)', 'Intel Celeron D 336, 2800 MHz (21 x 133)', 'Электросеть', 'Используется', '00-000-000 руб', '', '14 мая 2015 г.', '14 мая 2015 г.', '434'),
(67, '434/531-10', 'Microsoft Windows 7 Ultimate', 'Нету', 'ASRock ConRoe945G-DVI  (2 PCI, 1 PCI-E x1, 1 PCI-E x16, 4 DDR2 DIMM, Audio, Video, Gigabit LAN)', '3319 МБ  (DDR2-667 DDR2 SDRAM)', '1 шт.', 'Intel(R) 82945G Express (  - WDDM 1.0)  (256 МБ)', 'ST380815AS ATA Device  (80 ГБ, 7200 RPM, SATA-II)', 'Intel Celeron D 336, 2800 MHz (21 x 133)', 'Электросеть', 'Используется', '00-000-000 руб', '', '14 мая 2015 г.', '14 мая 2015 г.', '434'),
(68, '434/571-1', 'Microsoft Windows 7 Ultimate', 'Нету', 'Asus P5GC-MX/1333  (2 PCI, 1 PCI-E x1, 1 PCI-E x16, 2 DDR2 DIMM, Audio, Video, LAN)', '1015 МБ  (DDR2-667 DDR2 SDRAM)', '1  шт', 'Intel(R) 82945G Express (  - WDDM 1.0)  (256 МБ)', 'WDC WD1600AAJS-75PSA0 ATA Device  (160 ГБ, 7200 RPM, SATA-II)', 'DualCore Intel Pentium E2180, 2000 MHz (10 x 200)', 'Электросеть', 'Используется', '00-000-000 руб', '', '14 мая 2015 г.', '14 мая 2015 г.', '434');

-- --------------------------------------------------------

--
-- Структура таблицы `Prepod`
--

CREATE TABLE IF NOT EXISTS `Prepod` (
  `ID` int(11) NOT NULL AUTO_INCREMENT,
  `Name_prep` varchar(50) COLLATE cp1251_general_cs NOT NULL,
  `Fam_prep` varchar(50) COLLATE cp1251_general_cs NOT NULL,
  `Otch_prep` varchar(50) COLLATE cp1251_general_cs NOT NULL,
  `Distsiplina` varchar(50) COLLATE cp1251_general_cs NOT NULL,
  PRIMARY KEY (`ID`)
) ENGINE=InnoDB  DEFAULT CHARSET=cp1251 COLLATE=cp1251_general_cs AUTO_INCREMENT=28 ;

--
-- Дамп данных таблицы `Prepod`
--

INSERT INTO `Prepod` (`ID`, `Name_prep`, `Fam_prep`, `Otch_prep`, `Distsiplina`) VALUES
(1, 'Дарья', 'Селиверстова', 'Николаевна', 'БДиСУБД, ТРПО'),
(2, 'Татьяна', 'Багласова', 'Георгиевна', 'ПО граф. инф., Обр.трехмер.граф.изображения'),
(3, 'Клавдия', 'Якимович', 'Ольгердовна', 'ПО граф. инф., ПрСрСоздИнтПрил'),
(4, 'Игорь', 'Сватко', 'Борисович', 'Сист. прогр.'),
(5, 'Алексей', 'Егоров', 'Игоревич', 'Сист. прогр, Стр. и алгоритмы обр. данных'),
(6, 'Наталья', 'Белугина', 'Ивановна', 'Web-проект, ПрСоздИнтПрил, Стр.и алгор. обр.данных'),
(7, 'Анастасия', 'Копытова', 'Николаевна', 'ТРПО, ОАиП, Информатика'),
(8, 'Екатерина', 'Багласова', 'Владимировна', 'КонсПрограмм'),
(9, 'Владимир', 'Юхновец', 'Григорьевич', 'Комп. сети, Конс. Про'),
(10, 'Светлана', 'Альхимович', 'Леонидовна', 'ТРПО, Технология Flash'),
(12, 'Яна', 'Шестак-Стадницкая', 'Алексеевна', 'ОАиП, Комп.сети'),
(13, 'Надежда', 'Ржеутская', 'Викентьевна', 'КонсПро'),
(14, 'Нина', 'Савченкова', 'Ивановна', 'ОАиП, Стр. и алгоритмы обр. данных'),
(15, 'Елена', 'Артемьева', 'Александровна', 'КонсПро'),
(16, 'Наталья', 'Чембрович', 'Ивановна', 'ОАиП, ЭВМ, Станд. и Серт. ПО'),
(17, 'Александр', 'Тараренко', 'Генадьевич', 'Сист. про, Стр.обр и алгоритмы данных'),
(18, 'Ольга', 'Архипова', 'Сергеевна', 'Инф. технологии'),
(19, 'Любовь', 'Басалыга', 'Владимировна', 'Инф. технологии'),
(20, 'Данута', 'Клименко', 'Феликсовна', 'Инф. технологии'),
(21, 'Татьяна', 'Юрьченко', 'Антоновна', 'Информатика'),
(22, 'Галина', 'Продуко', 'Григорьевна', 'Информатика');

-- --------------------------------------------------------

--
-- Структура таблицы `Prochee`
--

CREATE TABLE IF NOT EXISTS `Prochee` (
  `ID` int(11) NOT NULL AUTO_INCREMENT,
  `Inv_nomer` varchar(100) COLLATE cp1251_general_cs NOT NULL,
  `Nazvanie` varchar(100) COLLATE cp1251_general_cs NOT NULL,
  `Status` varchar(100) COLLATE cp1251_general_cs NOT NULL,
  `Tsena` varchar(100) COLLATE cp1251_general_cs NOT NULL,
  `Dop_Inf` varchar(100) COLLATE cp1251_general_cs DEFAULT NULL,
  `Data_vvoda` varchar(100) COLLATE cp1251_general_cs NOT NULL,
  `Data_spisania` varchar(100) COLLATE cp1251_general_cs NOT NULL,
  `Auditoria` varchar(50) COLLATE cp1251_general_cs NOT NULL,
  PRIMARY KEY (`ID`),
  KEY `Auditoria` (`Auditoria`)
) ENGINE=InnoDB  DEFAULT CHARSET=cp1251 COLLATE=cp1251_general_cs AUTO_INCREMENT=3 ;

-- --------------------------------------------------------

--
-- Структура таблицы `Program_Obespech`
--

CREATE TABLE IF NOT EXISTS `Program_Obespech` (
  `ID` int(11) NOT NULL AUTO_INCREMENT,
  `Tip_PO` varchar(50) COLLATE cp1251_general_cs NOT NULL,
  `Nazvanie_PO` varchar(50) COLLATE cp1251_general_cs NOT NULL,
  `Auditoria` varchar(50) COLLATE cp1251_general_cs NOT NULL,
  PRIMARY KEY (`ID`),
  KEY `Auditoria` (`Auditoria`)
) ENGINE=InnoDB  DEFAULT CHARSET=cp1251 COLLATE=cp1251_general_cs AUTO_INCREMENT=186 ;

--
-- Дамп данных таблицы `Program_Obespech`
--

INSERT INTO `Program_Obespech` (`ID`, `Tip_PO`, `Nazvanie_PO`, `Auditoria`) VALUES
(1, 'Экономика', '1С Предприятие', '434'),
(2, 'Чтение информации', 'Adobe Reader 9', '434'),
(3, 'Среда разработки', 'Dreamweaver CC', '434'),
(4, 'Виртуальные машины', 'Oracle VM VirtualBox', '434'),
(5, 'Среда разработки', 'Turbo Pascal', '434'),
(6, 'Виртуальные машины', 'VMware Workstation', '434'),
(7, 'Экономика', '1cv7s', '434'),
(8, 'Экономика', '1С Версия 8,2', '434'),
(9, 'Среда разработки', 'Aptana Studio 3', '434'),
(10, 'Построение диаграмм', 'IBM Rational Rose', '434'),
(11, 'Среда разработки', 'Delphi 7', '434'),
(12, 'Графика', 'Flash', '434'),
(13, 'MS Office', 'MS Access 2010', '434'),
(14, 'MS Office', 'MS Excel 2010', '434'),
(15, 'Web', 'MS Office Front Page 2003', '434'),
(16, 'Web', 'MS Office SharePoint Designer 2007', '434'),
(17, 'MS Office', 'MS Power Point 2010', '434'),
(18, 'Web', 'MS SharePoint Designer 2010', '434'),
(19, 'Среда разработки', 'MS Visual Studio 2010', '434'),
(20, 'MS Office', 'MS Word 2010', '434'),
(21, 'Web-сервер', 'Open Server', '434'),
(22, 'Web-сервер', 'Denwer', '434'),
(23, 'Проводник', 'Total Commander', '434'),
(24, 'Базы данных', 'Среда SQL Server Managment Studio', '434'),
(25, 'Экономика', '1С Предприятие', '433'),
(26, 'Графика', 'Adobe Reader 9', '433'),
(27, 'Среда разработки', 'Dreamweaver CC', '433'),
(28, 'Виртуальные машины', 'Oracle VM VirtualBox', '433'),
(29, 'Виртуальные машины', 'WMware Workstation', '433'),
(30, 'Архив', 'WinRAR', '433'),
(31, 'Экономика', '1cv7s', '433'),
(32, 'Среда разработки', 'Aptana Studio 3', '433'),
(33, 'Среда разработки', 'Delphi 7', '433'),
(34, 'Среда разработки', 'Dev-C++', '433'),
(35, 'Схемы', 'Electronics Workbench', '433'),
(36, 'Среда разработки', 'Free Pascal IDE', '433'),
(37, 'Браузер', 'Google Chrome', '433'),
(38, 'Диаграммы', 'IBM Rational Rose', '433'),
(39, 'Графика', 'InDesign', '433'),
(40, 'Математика', 'Mathcad', '433'),
(41, 'MS Office', 'MS Access 2010', '433'),
(42, 'MS Office', 'MS Excel 2010', '433'),
(43, 'Web', 'MS Office SharePoint 2007', '433'),
(44, 'MS Office', 'MS Power Point 2010', '433'),
(45, 'Среда разработки', 'MS Visual Studio 2010', '433'),
(46, 'MS Office', 'MS Word 2010', '433'),
(47, 'Web-сервер', 'Open Server', '433'),
(48, 'Среда разработки', 'Pascal ABC', '433'),
(49, 'Графика', 'Portable Adobe InDesign CS5', '433'),
(50, 'Графика', 'Portable Adobe Flash CS5', '433'),
(51, 'Web-сервер', 'Denwer', '433'),
(52, 'Схемы', 'Splan70', '433'),
(53, 'Проводник', 'Total Commander', '433'),
(54, 'Правовой портал', 'Констультант +', '433'),
(55, 'Правовой портал', 'Консультант Экспресс', '433'),
(56, 'Базы данных', 'Среда SQL Server Managment Studio', '433'),
(57, 'Проектирование', 'AutoCAD 2011-English', '427'),
(58, 'Графика', 'Adobe Reader 9', '427'),
(59, 'Проектирование', 'AutoDesc 3ds Max 2011 64-bit', '427'),
(60, 'Проектирование', 'Autodesc Design Review', '427'),
(61, 'Шрифты', 'Bitstream Font Navigator', '427'),
(62, 'Графика', 'Corel CAPTURE x6', '427'),
(63, 'Графика', 'Corel PHOTO-PAINT', '427'),
(64, 'Графика', 'CorelDRAW x6', '427'),
(65, 'Виртуальные машины', 'Oracle VM VirtualBox', '427'),
(66, 'Графика', 'Adobe Flash Proffesional CS5', '427'),
(67, 'Графика', 'Adobe Illistrator CS5', '427'),
(68, 'Графика', 'Adobe Photoshop CS5.1', '427'),
(69, 'Среда разработки', 'Delphi 7', '427'),
(70, 'Браузер', 'Google Chrome', '427'),
(71, 'Среда разработки', 'Pascal ABC', '427'),
(72, 'Проводник', 'Total Commander', '427'),
(73, 'Антивирус', 'AVG 2015', '427'),
(74, 'Архив', 'WinRAR', '427'),
(75, 'Среда разработки', 'Turbo Pascal', '427'),
(76, 'Диаграммы', 'IBM Rational Rose', '427'),
(77, 'Среда разработки', 'Dreamweaver CC', '427'),
(78, 'Web-сервер', 'Open Server', '427'),
(79, 'Web-сервер', 'Denwer', '427'),
(80, 'Графика', 'Adobe Reader 9', '425'),
(81, 'Проектирование', 'AutoCAD 2011-English', '425'),
(82, 'Проектирование', 'Autodesc 3ds Max 2011 64-bit', '425'),
(83, 'Антивирус', 'AVG 2015', '425'),
(84, 'Антивирус', 'AVG 2011', '210'),
(85, 'Антивирус', 'AVG 2011', '433'),
(86, 'Антивирус', 'AVG 2011', '434'),
(87, 'Работа с дисками', 'Shadow Defender', '210'),
(88, 'Работа с дисками', 'Shadow Defender', '407'),
(89, 'Работа с дисками', 'Shadow Defender', '425'),
(90, 'Работа с дисками', 'Shadow Defender', '427'),
(91, 'Работа с дисками', 'Shadow Defender', '431'),
(92, 'Работа с дисками', 'Shadow Defender', '432'),
(93, 'Работа с дисками', 'Shadow Defender', '433'),
(94, 'Работа с дисками', 'Shadow Defender', '434'),
(95, 'Графика', 'CorelDRAW x6(64-bit)', '425'),
(96, 'Браузер', 'Google Chrome', '425'),
(97, 'Браузер', 'Mozilla Forefox', '425'),
(98, 'Браузер', 'Opera', '425'),
(99, 'Чтение формата DJW', 'WinDjView', '425'),
(100, 'Архив', 'WinRAR', '425'),
(101, 'Среда разработки', 'Adobe Dreamweaver CC', '425'),
(102, 'Графика', 'AdobeFlashProffesional', '425'),
(103, 'Графика', 'AdobePgotoshop CS5.1(64 Bit)', '425'),
(104, 'Среда разработки', 'Aptana Studio 3', '425'),
(105, 'Проектирование', 'AutoCAD 2011-English', '425'),
(106, 'Среда разработки', 'Delphi 7', '425'),
(107, 'Диаграммы', 'IBM Ratioanal Rose', '425'),
(108, 'MS Office', 'MS Access 2010', '425'),
(109, 'MS Office', 'MS Excel 2010', '425'),
(110, 'MS Office', 'MS Power Point 2010', '425'),
(111, 'MS Office', 'MS Word 2010', '425'),
(112, 'Обработка текста', 'Notepad++', '425'),
(113, 'Среда разработки', 'Pascal ABC', '425'),
(114, 'Проводник', 'Total Commander', '425'),
(115, 'Среда разработки', 'MS Visual Studio 2010', '425'),
(116, 'Базы данных', 'Среда SQL Server Managment Studio', '425'),
(117, 'Web-сервер', 'Denwer', '425'),
(118, 'Web-сервер', 'Open Server', '425'),
(119, 'Графика', 'Adobe Reader 9', '431'),
(120, 'Чтение формата DJW', 'WinDjView', '431'),
(121, 'Архив', 'WinRAR', '431'),
(122, 'Среда разработки', 'Aptana Studio 3', '431'),
(123, 'Среда разработки', 'Delphi 7', '431'),
(124, 'Среда разработки', 'Free Pascal IDE', '431'),
(125, 'Среда разработки', 'MS Visual Studio 2010', '431'),
(126, 'Обработка текста', 'Notepad++', '431'),
(127, 'Проводник', 'Total Commander', '431'),
(128, 'Базы данных', 'Среда SQL Server Managment Studio', '431'),
(129, 'Среда разработки', 'Dreamweaver CC', '431'),
(130, 'Экономика', '1cv7s', '431'),
(131, 'Графика', 'Adobe FlashProfessioanal CS6', '431'),
(132, 'Экономика', '1C Предприятие версия 8,2', '431'),
(133, 'Браузер', 'Google Chrome', '431'),
(134, 'Диаграммы', 'IBM Rational Rose', '431'),
(135, 'Математика', 'Mathcad 14', '431'),
(136, 'Web', 'MS Office SharePoint Designer 2007', '431'),
(137, 'Правовой портал', 'Консультат Экспресс', '431'),
(138, 'Правовой портал', 'Констультат +', '431'),
(139, 'Антивирус', 'AVG 2014', '431'),
(140, 'Web-сервер', 'Open Server', '431'),
(141, 'Web-сервер', 'Denwer', '431'),
(142, 'Графика', 'Adobe InDesign CS6', '431'),
(143, 'Экономика', '1C Предприятие', '407'),
(144, 'Графика', 'Adobe Reader 9', '407'),
(145, 'Среда разработки', 'Deductor Studio Academic', '407'),
(146, 'Среда разработки', 'Dreamweaver', '407'),
(147, 'Браузер', 'Opera', '407'),
(148, 'Экономика', 'Project Expert', '407'),
(149, 'Архив', 'WinRAR', '407'),
(150, 'Экономика', '1cv7s', '407'),
(151, 'Экономика', '1C Предприятие версия 8,2', '407'),
(152, 'Среда разработки', 'Aptana Studio 3', '407'),
(153, 'База данных', 'Control Center & Documentation', '407'),
(154, 'Базы данных', 'Control Center & Documentation', '434'),
(155, 'Базы данных', 'Control Center & Documentation', '433'),
(156, 'Среда разработки', 'Delphi 7', '407'),
(157, 'Диаграммы', 'IBM Ratioanal Rose', '407'),
(158, 'MS Office', 'MS Excel 2010', '407'),
(159, 'MS Office', 'MS Power Point', '407'),
(160, 'Среда разработки', 'MS Visual Studio 2010', '407'),
(161, 'MS Office', 'MS Word 2010', '407'),
(162, 'Web-сервер', 'Open Server', '407'),
(163, 'Среда разработки', 'Turbo Pascal', '407'),
(164, 'Правовой портал', 'Консультант +', '407'),
(165, 'Правовой портал', 'Консультант Экспресс', '407'),
(166, 'Базы данных', 'Среда SQL Server Managment Studio', '407'),
(167, 'Экономика', '1C Предприятие версия 8,2', '432'),
(168, 'MS Office', 'MS Word 2010', '432'),
(169, 'Графика', 'Adobe Reader 9', '432'),
(170, 'MS Office', 'MS Access 2010', '432'),
(171, 'MS Office', 'MS Excel 2010', '432'),
(172, 'Web', 'MS Office SharePoint Design 2007', '432'),
(173, 'MS Office', 'MS Power Point', '432'),
(174, 'Экономика', '1cv7s', '432'),
(175, 'Экономика', '1C Предприятие версия 8,2', '432'),
(176, 'Правовой портал', 'Консультант +', '432'),
(177, 'Правовой портал', 'Консультант Экспресс', '432'),
(178, 'Графика', 'Adobe Photoshop CS6 x64', '432'),
(179, 'Графика', 'Adobe InDesign CS6', '432'),
(180, 'MS Office', 'MS Word 2010', '431'),
(181, 'MS Office', 'MS Power Point', '431'),
(182, 'MS Office', 'MS Access 2010', '431'),
(183, 'MS Office', 'MS Excel 2010', '431'),
(184, 'MS Office', 'MS Word 2015', '210'),
(185, 'Экономика', 'Консультант+', '210');

-- --------------------------------------------------------

--
-- Структура таблицы `Sotrudnik`
--

CREATE TABLE IF NOT EXISTS `Sotrudnik` (
  `ID` int(11) NOT NULL AUTO_INCREMENT,
  `Fam_sotr` varchar(50) COLLATE cp1251_general_cs NOT NULL,
  `Name_sotr` varchar(50) COLLATE cp1251_general_cs NOT NULL,
  `Otch_sotr` varchar(50) COLLATE cp1251_general_cs NOT NULL,
  `Dolgnost` varchar(50) COLLATE cp1251_general_cs NOT NULL,
  `Auditoria` varchar(50) COLLATE cp1251_general_cs NOT NULL,
  PRIMARY KEY (`ID`),
  KEY `Auditoria` (`Auditoria`)
) ENGINE=InnoDB  DEFAULT CHARSET=cp1251 COLLATE=cp1251_general_cs AUTO_INCREMENT=5 ;

--
-- Дамп данных таблицы `Sotrudnik`
--

INSERT INTO `Sotrudnik` (`ID`, `Fam_sotr`, `Name_sotr`, `Otch_sotr`, `Dolgnost`, `Auditoria`) VALUES
(1, 'Нехай', 'Елена', 'Владимировна', 'Начальник вычислительного центра', '426'),
(2, 'Боровский', 'Кирилл', 'Александрович', 'Лаборант вычислительного центра', '426'),
(3, 'Асиновский', 'Константин', 'Сергеевич', 'Лаборант вычислительного центра', '426');

-- --------------------------------------------------------

--
-- Структура таблицы `Users`
--

CREATE TABLE IF NOT EXISTS `Users` (
  `ID` int(11) NOT NULL AUTO_INCREMENT,
  `Name_user` varchar(50) COLLATE cp1251_general_cs NOT NULL,
  `Pass_user` varchar(50) COLLATE cp1251_general_cs NOT NULL,
  PRIMARY KEY (`ID`)
) ENGINE=InnoDB  DEFAULT CHARSET=cp1251 COLLATE=cp1251_general_cs AUTO_INCREMENT=3 ;

--
-- Дамп данных таблицы `Users`
--

INSERT INTO `Users` (`ID`, `Name_user`, `Pass_user`) VALUES
(1, 'admin', 'admin2015'),
(2, 'user', 'user2015');

-- --------------------------------------------------------

--
-- Структура таблицы `Zayavka`
--

CREATE TABLE IF NOT EXISTS `Zayavka` (
  `ID` int(11) NOT NULL AUTO_INCREMENT,
  `FIO_Prepod` varchar(100) COLLATE cp1251_general_cs NOT NULL,
  `id_User` int(11) NOT NULL,
  `Type_Oborud` varchar(50) COLLATE cp1251_general_cs NOT NULL,
  `Auditoria` varchar(50) COLLATE cp1251_general_cs NOT NULL,
  `Inv_nomer` varchar(50) COLLATE cp1251_general_cs NOT NULL,
  `Tsel` varchar(150) COLLATE cp1251_general_cs NOT NULL,
  `Data_zayavki` varchar(50) COLLATE cp1251_general_cs NOT NULL,
  `Data_sdachi` varchar(50) COLLATE cp1251_general_cs NOT NULL,
  `Status_zayavki` varchar(50) COLLATE cp1251_general_cs DEFAULT NULL,
  PRIMARY KEY (`ID`),
  KEY `Auditoria` (`Auditoria`),
  KEY `id_User` (`id_User`)
) ENGINE=InnoDB  DEFAULT CHARSET=cp1251 COLLATE=cp1251_general_cs AUTO_INCREMENT=5 ;

--
-- Дамп данных таблицы `Zayavka`
--

INSERT INTO `Zayavka` (`ID`, `FIO_Prepod`, `id_User`, `Type_Oborud`, `Auditoria`, `Inv_nomer`, `Tsel`, `Data_zayavki`, `Data_sdachi`, `Status_zayavki`) VALUES
(1, 'Якимович Клавдия Ольгердовна', 2, 'Компьютер', '425', '425-1', 'Ремонт (Компьютер, Не работает сервер)', '25 мая 2015 г.', '26 мая 2015 г.', 'В процессе'),
(2, 'Сватко Игорь Борисович', 1, 'Компьютер', '427', '25377/14-Преподаватель', 'Ремонт (Компьютер, Не работает сервер)', '25 мая 2015 г.', '25 мая 2015 г.', 'В процессе');

--
-- Ограничения внешнего ключа сохраненных таблиц
--

--
-- Ограничения внешнего ключа таблицы `Param_klava`
--
ALTER TABLE `Param_klava`
  ADD CONSTRAINT `Param_klava_ibfk_1` FOREIGN KEY (`Auditoria`) REFERENCES `Auditoria` (`Nomer`) ON DELETE CASCADE ON UPDATE CASCADE;

--
-- Ограничения внешнего ключа таблицы `Param_mishek`
--
ALTER TABLE `Param_mishek`
  ADD CONSTRAINT `Param_mishek_ibfk_2` FOREIGN KEY (`Auditoria`) REFERENCES `Auditoria` (`Nomer`) ON DELETE CASCADE ON UPDATE CASCADE;

--
-- Ограничения внешнего ключа таблицы `Param_monitor`
--
ALTER TABLE `Param_monitor`
  ADD CONSTRAINT `Param_monitor_ibfk_2` FOREIGN KEY (`Auditoria`) REFERENCES `Auditoria` (`Nomer`) ON DELETE CASCADE ON UPDATE CASCADE;

--
-- Ограничения внешнего ключа таблицы `Param_nout`
--
ALTER TABLE `Param_nout`
  ADD CONSTRAINT `Param_nout_ibfk_1` FOREIGN KEY (`Auditoria`) REFERENCES `Auditoria` (`Nomer`) ON DELETE CASCADE ON UPDATE CASCADE;

--
-- Ограничения внешнего ключа таблицы `Param_print`
--
ALTER TABLE `Param_print`
  ADD CONSTRAINT `Param_print_ibfk_2` FOREIGN KEY (`Auditoria`) REFERENCES `Auditoria` (`Nomer`) ON DELETE CASCADE ON UPDATE CASCADE;

--
-- Ограничения внешнего ключа таблицы `Param_sis_blokov`
--
ALTER TABLE `Param_sis_blokov`
  ADD CONSTRAINT `Param_sis_blokov_ibfk_1` FOREIGN KEY (`Auditoria`) REFERENCES `Auditoria` (`Nomer`) ON DELETE CASCADE ON UPDATE CASCADE;

--
-- Ограничения внешнего ключа таблицы `Prochee`
--
ALTER TABLE `Prochee`
  ADD CONSTRAINT `Prochee_ibfk_1` FOREIGN KEY (`Auditoria`) REFERENCES `Auditoria` (`Nomer`) ON DELETE CASCADE ON UPDATE CASCADE;

--
-- Ограничения внешнего ключа таблицы `Program_Obespech`
--
ALTER TABLE `Program_Obespech`
  ADD CONSTRAINT `Program_Obespech_ibfk_2` FOREIGN KEY (`Auditoria`) REFERENCES `Auditoria` (`Nomer`) ON DELETE CASCADE ON UPDATE CASCADE;

--
-- Ограничения внешнего ключа таблицы `Sotrudnik`
--
ALTER TABLE `Sotrudnik`
  ADD CONSTRAINT `Sotrudnik_ibfk_2` FOREIGN KEY (`Auditoria`) REFERENCES `Auditoria` (`Nomer`) ON DELETE CASCADE ON UPDATE CASCADE;

--
-- Ограничения внешнего ключа таблицы `Zayavka`
--
ALTER TABLE `Zayavka`
  ADD CONSTRAINT `Zayavka_ibfk_4` FOREIGN KEY (`id_User`) REFERENCES `Users` (`ID`) ON DELETE CASCADE ON UPDATE CASCADE,
  ADD CONSTRAINT `Zayavka_ibfk_3` FOREIGN KEY (`Auditoria`) REFERENCES `Auditoria` (`Nomer`) ON DELETE CASCADE ON UPDATE CASCADE;

/*!40101 SET CHARACTER_SET_CLIENT=@OLD_CHARACTER_SET_CLIENT */;
/*!40101 SET CHARACTER_SET_RESULTS=@OLD_CHARACTER_SET_RESULTS */;
/*!40101 SET COLLATION_CONNECTION=@OLD_COLLATION_CONNECTION */;
